row_title,obj_title,obj_cost,obj_reqs
Tier 1 - Mover,(Mover/Breaker) Skater,1 SP,N/A
Tier 1 - Mover,(Mover) Featherweight,2 SP,N/A
Tier 1 - Mover,(Mover) Fast as a Hedgehog,2 SP,N/A
Tier 1 - Mover,(Mover) Flying like a Chicken,2 SP,N/A
Tier 1 - Mover,(Mover) Rail,2 SP,N/A
Tier 1 - Mover,(Mover) Wallcrawler,2 SP,N/A
Tier 1 - Mover,(Mover) Skip Step,2 SP,N/A
Tier 1 - Mover,(Mover) Soaring through the Sky like a Flying Bison,3 SP,N/A
Tier 1 - Mover,(Mover) Stairway to Heaven,3 SP,N/A
Tier 1 - Mover,(Mover/Thinker) Star-Nosed Mole,3 SP,N/A
Tier 1 - Mover,(Mover) Stamina,3 SP,N/A
Tier 1 - Mover,(Mover/Thinker) Blink and you Miss it.,4 SP,N/A
Tier 1 - Mover,(Mover) Summoning,4 SP,N/A
Tier 1 - Mover,(Mover) What He's Having,4 SP,N/A
Tier 1 - Mover,(Mover) Run Away!,4 SP,N/A
Tier 1 - Mover,(Mover) Initial Dodge,4 SP,N/A
Tier 1 - Mover,(Mover/Thinker) Infiltrator,4 SP,N/A
Tier 1 - Mover,(Mover) Ground Diver,4 SP,N/A
Tier 1 - Mover,(Mover/Changer) Springs,4 SP,N/A
Tier 1 - Mover,(Mover/Striker) Hotwheels,5 SP,N/A
Tier 1 - Mover,(Mover) Flying Sword,5 SP,N/A
Tier 1 - Mover,(Mover) Warp Step,5 SP,N/A
Tier 1 - Mover,(Mover/Shaker) Inc Incorporated,5 SP,N/A
Tier 1 - Mover,(Mover/Shaker) Position Control,5 SP,N/A
Tier 1 - Mover,(Mover/Shaker) Portal,5 SP,N/A
Tier 1 - Mover,(Mover/Striker) Gravitational Shift,6 SP,N/A
Tier 1 - Mover,(Mover) Accelerate,6 SP,N/A
Tier 1 - Mover,(Mover/Thinker) Kinesiologist,6 SP,N/A
Tier 1 - Mover,(Mover) Cheshire,6 SP,N/A
Tier 1 - Mover,(Mover/Shaker) Tether,6 SP,N/A
Tier 1 - Mover,(Mover/Brute) Castling,7 SP,N/A
Tier 1 - Mover,(Mover/Striker) Flying Raijin,8 SP,N/A
Tier 1 - Mover,(Mover) Gear Shift,8 SP,N/A
Tier 1 - Mover,(Mover/Trump) Winged One,8 SP,N/A
Tier 1 - Mover,(Mover/Master) Seeing Double,9 SP,N/A
Tier 1 - Mover,(Mover/Breaker) On Paper Wings,9 SP,N/A
Tier 1 - Mover,(Mover) Blink!,10 SP,N/A
Tier 1 - Mover,(Mover/Breaker) Speed Connect,10 SP,N/A
Tier 1 - Mover,(Mover) Sadako,10 SP,N/A
Tier 1 - Mover,(Mover/Brute) Glide n’ Slide,10 SP,N/A
Tier 1 - Mover,(Mover) Clock Up,10 SP,N/A
Tier 1 - Mover,(Mover/Shaker) Kid Velocity,10 SP,N/A
Tier 1 - Mover,(Mover/Striker) Quicker than Thunder,11 SP,N/A
Tier 1 - Mover,(Mover/Striker) Raze,11 SP,N/A
Tier 1 - Mover,(Mover/Shaker) Move Cancel,12 SP,N/A
Tier 1 - Mover,(Mover/Striker) Asynchronous Spacetime,12 SP,N/A
Tier 1 - Mover,(Mover/Thinker) I am the Shadow,12 SP,N/A
Tier 1 - Mover,(Mover/Breaker) Veloci…Raptor?,12 SP,N/A
Tier 1 - Mover,(Mover/Stranger) Shadow Diver,12 SP,N/A
Tier 1 - Mover,(Mover/Master) Let The Feathers Fly,13 SP,N/A
Tier 1 - Mover,(Mover/Breaker) I Believe I Can Fly,13 SP,N/A
Tier 1 - Mover,(Mover) Raven,14 SP,N/A
Tier 1 - Mover,(Mover/Striker) Dimensional Shunter,15 SP,N/A
Tier 1 - Shaker,(Shaker/Thinker) Spider's Web,1 SP,N/A
Tier 1 - Shaker,(Shaker/Thinker) Target Acquired,2 SP,N/A
Tier 1 - Shaker,(Shaker) Ruckus,2 SP,N/A
Tier 1 - Shaker,(Shaker/Blaster) Bag of Holding,3 SP,N/A
Tier 1 - Shaker,(Shaker) Room Temperature Mirage,3 SP,N/A
Tier 1 - Shaker,(Shaker/Thinker) Orchestra,3 SP,N/A
Tier 1 - Shaker,(Shaker/Trump) You Can’t Touch The Sky,3 SP,N/A
Tier 1 - Shaker,(Shaker/Mover) Dimensional Mirrors,4 SP,N/A
Tier 1 - Shaker,(Shaker/Striker) Mechanicus Aura,4 SP,N/A
Tier 1 - Shaker,(Shaker) Forcefield,4 SP,N/A
Tier 1 - Shaker,(Shaker/Master) Shared Emotions,4 SP,N/A
Tier 1 - Shaker,(Shaker/Master) Influencer,4 SP,N/A
Tier 1 - Shaker,(Shaker) Unbearable Chill,4 SP,N/A
Tier 1 - Shaker,(Shaker/Stranger) The Mist of London Night,4 SP,N/A
Tier 1 - Shaker,(Shaker) Razorwire,4 SP,N/A
Tier 1 - Shaker,(Shaker) Warding,4 SP,N/A
Tier 1 - Shaker,(Shaker/Thinker) Level 1 Crook,4 SP,N/A
Tier 1 - Shaker,(Shaker) Rub A Dub Dub,4 SP,N/A
Tier 1 - Shaker,(Shaker) Collateral,5 SP,N/A
Tier 1 - Shaker,(Shaker/Master) Peace Zone,5 SP,N/A
Tier 1 - Shaker,(Shaker) Afterimage,5 SP,N/A
Tier 1 - Shaker,(Shaker/Master) Spicy Snap,5 SP,N/A
Tier 1 - Shaker,(Shaker) Gravity Well,5 SP,N/A
Tier 1 - Shaker,(Shaker/Striker) Force Construct,5 SP,N/A
Tier 1 - Shaker,(Shaker) Electromagnetic Warping,5 SP,N/A
Tier 1 - Shaker,(Shaker) Beartrap,5 SP,N/A
Tier 1 - Shaker,(Shaker) Area of Attack,6 SP,N/A
Tier 1 - Shaker,(Shaker) Minefield,6 SP,N/A
Tier 1 - Shaker,(Shaker) Loot Drop,6 SP,N/A
Tier 1 - Shaker,(Shaker) Spell Card: Za Warudo!,6 SP,N/A
Tier 1 - Shaker,(Shaker/Master) Agony Exhibition,6 SP,N/A
Tier 1 - Shaker,(Shaker) Why So Serious?,6 SP,N/A
Tier 1 - Shaker,(Shaker) Sandstorm,6 SP,N/A
Tier 1 - Shaker,(Shaker) Healing Circle,7 SP,N/A
Tier 1 - Shaker,(Shaker/Master) Aromatherapy,7 SP,N/A
Tier 1 - Shaker,(Shaker) Flare,7 SP,N/A
Tier 1 - Shaker,(Shaker) Illusion Master,7 SP,N/A
Tier 1 - Shaker,(Shaker/Master) Stormtrooper Aim,7 SP,N/A
Tier 1 - Shaker,(Shaker) Speed Zone,7 SP,N/A
Tier 1 - Shaker,(Shaker/Striker) Spontaneous,7 SP,N/A
Tier 1 - Shaker,(Shaker) Bio-telekinesis,7 SP,N/A
Tier 1 - Shaker,(Shaker/Master) Multi-limbs,7 SP,N/A
Tier 1 - Shaker,(Shaker/Trump) Stage Change,7 SP,N/A
Tier 1 - Shaker,(Shaker/Changer) Outbreak,7 SP,N/A
Tier 1 - Shaker,(Shaker/Striker) Heroes Don't Kill,7 SP,N/A
Tier 1 - Shaker,(Shaker/Brute) Dissipate,7 SP,N/A
Tier 1 - Shaker,(Shaker/Brute) No Place Like Home,7 SP,N/A
Tier 1 - Shaker,(Shaker/Stranger) Cinema Flair,7 SP,N/A
Tier 1 - Shaker,(Shaker/Blaster) Kill Aura,8 SP,N/A
Tier 1 - Shaker,(Shaker/Master) Tentacles,8 SP,N/A
Tier 1 - Shaker,(Shaker) Babel,8 SP,N/A
Tier 1 - Shaker,(Shaker/Trump) Judgment,8 SP,N/A
Tier 1 - Shaker,(Shaker) Hotbox,8 SP,N/A
Tier 1 - Shaker,(Shaker) Bedlam,8 SP,N/A
Tier 1 - Shaker,(Shaker/Trump) Starvation,8 SP,N/A
Tier 1 - Shaker,(Shaker/Mover) Red Room,8 SP,N/A
Tier 1 - Shaker,(Shaker/Striker) Accute Affliction,8 SP,N/A
Tier 1 - Shaker,(Shaker) Fainting Spell,9 SP,N/A
Tier 1 - Shaker,(Shaker) Frenzied Flame,9 SP,N/A
Tier 1 - Shaker,(Shaker) Frozen Space,9 SP,N/A
Tier 1 - Shaker,(Shaker) Gravity,9 SP,N/A
Tier 1 - Shaker,(Shaker/Breaker) Icy Kiss,9 SP,N/A
Tier 1 - Shaker,(Shaker) Impaler,9 SP,N/A
Tier 1 - Shaker,"(Shaker/Brute) Stomach In, Stomach Out",9 SP,N/A
Tier 1 - Shaker,(Shaker) Deaf Note,9 SP,N/A
Tier 1 - Shaker,(Shaker) Inverted Structure,9 SP,N/A
Tier 1 - Shaker,(Shaker) Temporal Tempo,10 SP,N/A
Tier 1 - Shaker,(Shaker/Tinker) Scrapyard,10 SP| 4 SP,N/A
Tier 1 - Shaker,(Shaker/Trump) Power Slowdown,10 SP,N/A
Tier 1 - Shaker,(Shaker) Amped Up,10 SP,N/A
Tier 1 - Shaker,(Shaker/Thinker) Loot Box,10 SP,N/A
Tier 1 - Shaker,(Shaker/Striker) Time Magic!,10 SP,N/A
Tier 1 - Shaker,(Shaker) Telekinesis,10 SP,N/A
Tier 1 - Shaker,(Shaker) Wavecrasher,10 SP,N/A
Tier 1 - Shaker,(Shaker/Master) Dirt in Your Eye,10 SP,N/A
Tier 1 - Shaker,(Shaker/Thinker) Maestro,10 SP,N/A
Tier 1 - Shaker,(Shaker/Master) Depression,10 SP,N/A
Tier 1 - Shaker,(Shaker) Environment Shaping,11 SP,N/A
Tier 1 - Shaker,(Shaker/Master) Black Goo,11 SP,N/A
Tier 1 - Shaker,(Shaker/Brute) The Floor is Lava,11 SP,N/A
Tier 1 - Shaker,(Shaker/Striker) Lasso Man!,11 SP,N/A
Tier 1 - Shaker,(Shaker/Trump) Energy Vortex,12 SP,N/A
Tier 1 - Shaker,(Shaker) Storm,12 SP,N/A
Tier 1 - Shaker,(Shaker/Master) Emotional High,12 SP,N/A
Tier 1 - Shaker,(Shaker/Breaker) Miracles,12 SP,N/A
Tier 1 - Shaker,(Shaker) Hazardous Disaster,13 SP,N/A
Tier 1 - Shaker,(Shaker) Matter State Master,13 SP,N/A
Tier 1 - Shaker,(Shaker) Edict,13 SP,N/A
Tier 1 - Shaker,(Shaker/Breaker) Lord of Cinder,13 SP,N/A
Tier 1 - Shaker,(Shaker/Master) Parasitic Army,13 SP,N/A
Tier 1 - Shaker,(Shaker/Trump) Worst Day Ever,13 SP,N/A
Tier 1 - Shaker,(Shaker/Stranger) Doomsday Went,13 SP,N/A
Tier 1 - Shaker,(Shaker/Thinker) Infinite Treasury,13 SP,N/A
Tier 1 - Shaker,(Shaker/Thinker) Mycorrizha,13 SP,N/A
Tier 1 - Shaker,(Shaker) Traveler,14 SP,N/A
Tier 1 - Shaker,(Shaker/Breaker) Alexandrite,14 SP,N/A
Tier 1 - Shaker,(Shaker/Brute) Gaia,14 SP,N/A
Tier 1 - Shaker,(Shaker) Deus Ex Machina,14 SP,N/A
Tier 1 - Shaker,(Shaker) Kira,14 SP,N/A
Tier 1 - Shaker,(Shaker/Stranger) Bounded Fields,14 SP,N/A
Tier 1 - Shaker,(Shaker/Mover) Dimensional Warping,15 SP,N/A
Tier 1 - Shaker,(Shaker/Breaker) The One Who Tamed Lightning,15 SP,N/A
Tier 1 - Shaker,(Shaker/Trump) Still Aura,15 SP,N/A
Tier 1 - Shaker,(Shaker/Striker) Holonomic Constraint,15 SP,N/A
Tier 1 - Shaker,(Shaker/Master) Dungeon Core,15 SP,N/A
Tier 1 - Shaker,(Shaker/Master) Tower Defence,15 SP,N/A
Tier 1 - Shaker,(Shaker) Vault of the Modern Era,15 SP,N/A
Tier 1 - Brute,(Brute/Trump) Spartans Die Standing,1 SP,N/A
Tier 1 - Brute,(Brute) Vampire,2 SP,N/A
Tier 1 - Brute,(Brute) Lifesteal,2 SP,N/A
Tier 1 - Brute,(Brute) Scarred Healing,2 SP,N/A
Tier 1 - Brute,"(Brute) No, I am Spartacus",3 SP,N/A
Tier 1 - Brute,"(Brute) No, I am Leonidas",3 SP,N/A
Tier 1 - Brute,(Brute) Immunity Frames,3 SP,N/A
Tier 1 - Brute,(Brute) Biological Redistribution,3 SP,N/A
Tier 1 - Brute,(Brute) Focused Strength,3 SP,N/A
Tier 1 - Brute,(Brute) Greatest Defence is Offence,3 SP,N/A
Tier 1 - Brute,(Brute) Just Won't Die,3 SP,N/A
Tier 1 - Brute,(Brute) Exposure Therapy,3 SP,N/A
Tier 1 - Brute,(Brute/Shaker) Knucklehead,3 SP,N/A
Tier 1 - Brute,(Brute/Striker) Captain America,4 SP,N/A
Tier 1 - Brute,(Brute) Mass = Acceleration,4 SP,N/A
Tier 1 - Brute,(Brute) Distributed Damage,4 SP,N/A
Tier 1 - Brute,(Brute) Airtight,4 SP,N/A
Tier 1 - Brute,(Brute) Atlas,4 SP,N/A
Tier 1 - Brute,(Brute) Man of Steel,4 SP,N/A
Tier 1 - Brute,(Brute/Striker) Hammer,4 SP,N/A
Tier 1 - Brute,(Brute) Do you even lift?,5 SP,N/A
Tier 1 - Brute,(Brute) Pump It,5 SP,N/A
Tier 1 - Brute,(Brute) Rampage,5 SP,N/A
Tier 1 - Brute,(Brute) Blood Bath,5 SP,N/A
Tier 1 - Brute,(Brute) Antaeus,5 SP,N/A
Tier 1 - Brute,(Brute/Shaker) Echohide,5 SP,N/A
Tier 1 - Brute,(Brute/Breaker) Battle Aura,5 SP,N/A
Tier 1 - Brute,(Brute/Mover) Hydrofoil,5 SP,N/A
Tier 1 - Brute,(Brute) Yang it!,6 SP,N/A
Tier 1 - Brute,(Brute/Trump) Life Taker,6 SP,N/A
Tier 1 - Brute,(Brute) Cast Off!,6 SP,N/A
Tier 1 - Brute,(Brute) Fatal Shield,6 SP,N/A
Tier 1 - Brute,(Brute) Sponge,6 SP,N/A
Tier 1 - Brute,(Brute) Skulking Angels,6 SP,N/A
Tier 1 - Brute,(Brute) Restful Night,6 SP,N/A
Tier 1 - Brute,(Brute/Shaker) Defensive Position,6 SP,N/A
Tier 1 - Brute,(Brute/Thinker) Neuromorphic Reflex,6 SP,N/A
Tier 1 - Brute,"(Brute/Trump) No Pain, No Gain",6 SP,N/A
Tier 1 - Brute,(Brute/Thinker) Rinse and Repeat,6 SP,N/A
Tier 1 - Brute,(Brute/Trump) Fame,6 SP,N/A
Tier 1 - Brute,(Brute) Pridwen,7 SP,N/A
Tier 1 - Brute,(Brute) Solidarity,7 SP,N/A
Tier 1 - Brute,(Brute) Bee Proof,7 SP,N/A
Tier 1 - Brute,(Brute) Zombie,7 SP,N/A
Tier 1 - Brute,(Brute/Breaker) Goliath,7 SP,N/A
Tier 1 - Brute,(Brute) Caeneus,7 SP,N/A
Tier 1 - Brute,(Brute/Blaster) Boiling Blood,7 SP,N/A
Tier 1 - Brute,(Brute) High-Speed Regeneration,7 SP,N/A
Tier 1 - Brute,(Brute/Changer) Baa Baa,7 SP,N/A
Tier 1 - Brute,(Brute/Shaker) Relentless Pressure,7 SP,N/A
Tier 1 - Brute,(Brute) Ablation,8 SP,N/A
Tier 1 - Brute,(Brute/Master) Implacable,8 SP,N/A
Tier 1 - Brute,(Brute/Mover) Spider-Man,8 SP,N/A
Tier 1 - Brute,(Brute/Trump) Fa Jin,8 SP,N/A
Tier 1 - Brute,(Brute) Level 100 Mafia Boss,8 SP,N/A
Tier 1 - Brute,(Brute/Breaker) Achilles' Body,8 SP,N/A
Tier 1 - Brute,(Brute/Breaker) Enhanced Physique,8 SP,N/A
Tier 1 - Brute,(Brute/Breaker) Biological Armory,9 SP,N/A
Tier 1 - Brute,(Brute/Trump) Power in Numbers,9 SP,N/A
Tier 1 - Brute,(Brute/Mover) Unyielding Pursuit,9 SP,N/A
Tier 1 - Brute,(Brute/Trump) Starlight Punch,10 SP,N/A
Tier 1 - Brute,(Brute/Trump) Stockpile,10 SP,N/A
Tier 1 - Brute,(Brute) Invulnerable,10 SP,N/A
Tier 1 - Brute,(Brute/Mover) Library Junior,10 SP,N/A
Tier 1 - Brute,(Brute/Trump) Zenkai Boost,10 SP,N/A
Tier 1 - Brute,(Brute/Trump) Overdrive Mode,10 SP,N/A
Tier 1 - Brute,(Brute/Trump) Mang,10 SP,N/A
Tier 1 - Brute,(Brute) Stronk,10 SP,N/A
Tier 1 - Brute,(Brute) Phylactery,11 SP,N/A
Tier 1 - Brute,(Brute/Shaker) Pyrexia,11 SP,N/A
Tier 1 - Brute,(Brute/Changer) Two Good Arms,12 SP,N/A
Tier 1 - Brute,"(Brute) Mine, Mine, Mine!",12 SP,N/A
Tier 1 - Brute,(Brute) Telekinetic Barrier,12 SP,N/A
Tier 1 - Brute,(Brute) Deadpool,12 SP,N/A
Tier 1 - Brute,(Brute/Master) Hydra,13 SP,N/A
Tier 1 - Brute,(Brute/Trump) Numbers? I Don't Know How To Count,13 SP,N/A
Tier 1 - Brute,"(Brute/Changer) Yeah, I Lift",13 SP,N/A
Tier 1 - Brute,(Brute/Blaster) Mantis Shrimp,13 SP,N/A
Tier 1 - Brute,(Brute) Rocky,14 SP,N/A
Tier 1 - Brute,(Brute/Breaker) The Duke,14 SP,N/A
Tier 1 - Brute,(Brute/Trump) Stronger Together,15 SP,N/A
Tier 1 - Brute,(Brute/Striker) Armor,15 SP,N/A
Tier 1 - Brute,(Brute) Unbreakable,15 SP,N/A
Tier 1 - Breaker,(Breaker/Brute) Brainless Behavior,1 SP,N/A
Tier 1 - Breaker,(Breaker/Stranger) Untouchable Skin,1 SP,N/A
Tier 1 - Breaker,(Breaker) Immune Response,2 SP,N/A
Tier 1 - Breaker,(Breaker) Phase,2 SP,N/A
Tier 1 - Breaker,(Breaker/Thinker) Porous,2 SP,N/A
Tier 1 - Breaker,(Breaker) Gomu Gomu no Mi,3 SP,N/A
Tier 1 - Breaker,(Breaker) Balancing Act,3 SP,N/A
Tier 1 - Breaker,(Breaker/Mover) Bullet,3 SP,N/A
Tier 1 - Breaker,(Breaker/Brute) Odd Proportions,3 SP,N/A
Tier 1 - Breaker,(Breaker) Lightshow,4 SP,N/A
Tier 1 - Breaker,(Breaker/Master) Thousand Faces,4 SP,N/A
Tier 1 - Breaker,(Breaker) Flicker,4 SP,N/A
Tier 1 - Breaker,(Breaker/Brute) Inverse,4 SP,N/A
Tier 1 - Breaker,(Breaker/Brute) Ablative Armor,4 SP,N/A
Tier 1 - Breaker,(Breaker/Striker) Manton’s Ghost,4 SP,N/A
Tier 1 - Breaker,(Breaker) Flaked Skin,4 SP,N/A
Tier 1 - Breaker,(Breaker) All or Nothing Defense,4 SP,N/A
Tier 1 - Breaker,(Breaker/Mover) SETTLE IT IN,4 SP,N/A
Tier 1 - Breaker,(Breaker/Mover) Speed Force,5 SP,N/A
Tier 1 - Breaker,(Breaker/Stranger) Thin Existence,5 SP,N/A
Tier 1 - Breaker,(Breaker/Brute) Gamer Body,5 SP,N/A
Tier 1 - Breaker,(Breaker) Pulseform,5 SP,N/A
Tier 1 - Breaker,"(Breaker/Brute) “Strip His Skins and Show His Scars,”",5 SP,N/A
Tier 1 - Breaker,(Breaker/Brute) Weld,6 SP,N/A
Tier 1 - Breaker,(Breaker) Ant Man,6 SP,N/A
Tier 1 - Breaker,(Breaker/Trump) Other Side of the Coin,6 SP,N/A
Tier 1 - Breaker,(Breaker) Superposition,6 SP,N/A
Tier 1 - Breaker,(Breaker) Solstice,6 SP,N/A
Tier 1 - Breaker,(Breaker/Stranger) Ragdoll,6 SP,N/A
Tier 1 - Breaker,(Breaker/Shaker) Warden,6 SP,N/A
Tier 1 - Breaker,(Breaker/Master) Maggot,6 SP,N/A
Tier 1 - Breaker,(Breaker) Echo Chamber,6 SP,N/A
Tier 1 - Breaker,(Breaker/Mover) Mirror World,7 SP,N/A
Tier 1 - Breaker,(Breaker/Mover) Puella Magi Homura Magika,7 SP,N/A
Tier 1 - Breaker,(Breaker/Mover) The Flying Brick,7 SP,N/A
Tier 1 - Breaker,(Breaker) Rotom,7 SP,N/A
Tier 1 - Breaker,(Breaker/Brute) Cutout,7 SP,N/A
Tier 1 - Breaker,(Breaker/Mover) Axis Shift,7 SP,N/A
Tier 1 - Breaker,(Breaker/Trump) Sundering,7 SP,N/A
Tier 1 - Breaker,(Breaker/Master) Matryoshka,7 SP,N/A
Tier 1 - Breaker,(Breaker/Trump) Moral Support,7 SP,N/A
Tier 1 - Breaker,(Breaker) Null,8 SP,N/A
Tier 1 - Breaker,(Breaker) Redirection,8 SP,N/A
Tier 1 - Breaker,(Breaker/Mover) Dark Shadow,8 SP,N/A
Tier 1 - Breaker,(Breaker/Trump) Elemental Boost,8 SP,N/A
Tier 1 - Breaker,(Breaker/Brute) Shonen Bat,8 SP,N/A
Tier 1 - Breaker,(Breaker) Dimensional Scar,8 SP,N/A
Tier 1 - Breaker,(Breaker/Striker) Digitize,8 SP,N/A
Tier 1 - Breaker,(Breaker) Density,9 SP,N/A
Tier 1 - Breaker,(Breaker/Mover) Icarus,9 SP,N/A
Tier 1 - Breaker,(Breaker) Rebirth,10 SP,N/A
Tier 1 - Breaker,(Breaker/Trump) Tri-state Area,10 SP,N/A
Tier 1 - Breaker,(Breaker/Brute) Armored Core Ignite,10 SP,N/A
Tier 1 - Breaker,(Breaker/Shaker) Ibis,10 SP,N/A
Tier 1 - Breaker,(Breaker) Wendigo,10 SP,N/A
Tier 1 - Breaker,(Breaker/Shaker) Inkheart,10 SP,N/A
Tier 1 - Breaker,(Breaker/Trump) Custom Avatar,10 SP,N/A
Tier 1 - Breaker,(Breaker) Elemental,12 SP,N/A
Tier 1 - Breaker,(Breaker/Shaker) Monsoon,12 SP,N/A
Tier 1 - Breaker,(Breaker/Shaker) Be Not Afraid,13 SP,N/A
Tier 1 - Breaker,(Breaker/Shaker) Bugged Out,13 SP,N/A
Tier 1 - Breaker,(Breaker/Mover) Blur,13 SP,N/A
Tier 1 - Breaker,(Breaker/Mover) Fractal,14 SP,N/A
Tier 1 - Breaker,(Breaker) Reconstruction,14 SP,N/A
Tier 1 - Breaker,(Breaker/Brute) Python,14 SP,N/A
Tier 1 - Breaker,(Breaker) Friction,15 SP,N/A
Tier 1 - Breaker,(Breaker/Trump) Still Body,15 SP,N/A
Tier 1 - Breaker,(Breaker/Trump) Energy Well,15 SP,N/A
Tier 1 - Master,(Master) Geas,1 SP,N/A
Tier 1 - Master,(Master) Illusionary Clone,1 SP,N/A
Tier 1 - Master,(Master) Peat Critters,1 SP,N/A
Tier 1 - Master,(Master) Mascot,2 SP,N/A
Tier 1 - Master,(Master) Uncanny Valley,2 SP,N/A
Tier 1 - Master,(Master) State the Obvious,2 SP,N/A
Tier 1 - Master,(Master/Thinker) Ahead of the Curve,2 SP,N/A
Tier 1 - Master,(Master) Mirror Image,3 SP,N/A
Tier 1 - Master,(Master/Stranger) Opposite,3 SP,N/A
Tier 1 - Master,(Master/Thinker) Patrol,3 SP,N/A
Tier 1 - Master,(Master) Recite,3 SP,N/A
Tier 1 - Master,(Master) Papillon,3 SP,N/A
Tier 1 - Master,(Master) Seed of Doubt,3 SP,N/A
Tier 1 - Master,(Master/Thinker) Confetti,4 SP,N/A
Tier 1 - Master,(Master) Animate Objects,4 SP,N/A
Tier 1 - Master,(Master/Thinker) Fear,4 SP,N/A
Tier 1 - Master,(Master) Gold Digger,4 SP,N/A
Tier 1 - Master,(Master/Trump) Piracy,4 SP,N/A
Tier 1 - Master,(Master) Green Thumb,4 SP,N/A
Tier 1 - Master,(Master) Sleep Walker,4 SP,N/A
Tier 1 - Master,(Master/Stranger) Incrimination,4 SP,N/A
Tier 1 - Master,(Master/Thinker) Rodent King,5 SP,N/A
Tier 1 - Master,(Master) Bacchus,5 SP,N/A
Tier 1 - Master,(Master) Inverse Cannibalism,5 SP,N/A
Tier 1 - Master,(Master/Stranger) Ghostfreak,5 SP,N/A
Tier 1 - Master,(Master/Stranger) Reversed Controls,5 SP,N/A
Tier 1 - Master,(Master) Puppeteer,5 SP,N/A
Tier 1 - Master,(Master) Play Along,5 SP,N/A
Tier 1 - Master,(Master) Monologue,5 SP,N/A
Tier 1 - Master,(Master) Heavy Gaze,5 SP,N/A
Tier 1 - Master,(Master/Mover) Rodeo,5 SP,N/A
Tier 1 - Master,(Master/Brute) Ghost Copies,5 SP,N/A
Tier 1 - Master,(Master) Confession,5 SP,N/A
Tier 1 - Master,(Master/Stranger) Dark Passenger,5 SP,N/A
Tier 1 - Master,(Master) Hypnodancer,5 SP,N/A
Tier 1 - Master,(Master/Trump) Blank Doll,5 SP,N/A
Tier 1 - Master,(Master/Stranger) Workers,5 SP,N/A
Tier 1 - Master,(Master) Irresistible Dance,5 SP,N/A
Tier 1 - Master,(Master/Thinker) Instinct,6 SP,N/A
Tier 1 - Master,(Master) Ratatouille,6 SP,N/A
Tier 1 - Master,(Master/Brute) Come at Me Bro!,6 SP,N/A
Tier 1 - Master,(Master) Heart Demon,6 SP,N/A
Tier 1 - Master,(Master) Ditto,6 SP,N/A
Tier 1 - Master,(Master) Join The Madness,6 SP,N/A
Tier 1 - Master,(Master) Scarecrow,6 SP,N/A
Tier 1 - Master,(Master) Karma Repayment,6 SP,N/A
Tier 1 - Master,(Master/Brute) Anger Issues,6 SP,N/A
Tier 1 - Master,(Master) In Your Shadow,6 SP,N/A
Tier 1 - Master,(Master/Changer) Incubator,6 SP,N/A
Tier 1 - Master,(Master) Gang Leader,6 SP,N/A
Tier 1 - Master,(Master/Stranger) Fleeting Obsession,6 SP,N/A
Tier 1 - Master,(Master) Red Strings,7 SP,N/A
Tier 1 - Master,(Master) Turn Based RPG,7 SP,N/A
Tier 1 - Master,(Master/Striker) Forget It,7 SP,N/A
Tier 1 - Master,(Master/Thinker) Sandman,7 SP,N/A
Tier 1 - Master,(Master) Spirit Animal,7 SP,N/A
Tier 1 - Master,(Master) Lifestyle Changer,7 SP,N/A
Tier 1 - Master,(Master) Naiad,7 SP,N/A
Tier 1 - Master,(Master/Brute) Emotivore,7 SP,N/A
Tier 1 - Master,(Master/Striker) Pavlov,7 SP,N/A
Tier 1 - Master,(Master/Thinker) Majority Report,7 SP,N/A
Tier 1 - Master,(Master/Trump) Heartmaker,7 SP,N/A
Tier 1 - Master,(Master) Narcissus,7 SP,N/A
Tier 1 - Master,(Master/Stranger) Owe You One,7 SP,N/A
Tier 1 - Master,(Master/Striker) Anti-Addictol,8 SP,N/A
Tier 1 - Master,(Master) Technopathy,8 SP,N/A
Tier 1 - Master,(Master/Thinker) Poison Ivy,8 SP,N/A
Tier 1 - Master,(Master) Clay Servants,8 SP,N/A
Tier 1 - Master,(Master/Striker) Strings,8 SP,N/A
Tier 1 - Master,(Master) Kage no Bunshin,8 SP,N/A
Tier 1 - Master,(Master) Love at First Sight,8 SP,N/A
Tier 1 - Master,(Master) Hero Worship,8 SP,N/A
Tier 1 - Master,(Master/Thinker) Paradox,8 SP,N/A
Tier 1 - Master,(Master/Stranger) Divine,8 SP,N/A
Tier 1 - Master,(Master) Mutant Mob,8 SP,N/A
Tier 1 - Master,(Master/Shaker) Fanatic Loyalty,8 SP,N/A
Tier 1 - Master,(Master) Detached Shadow,9 SP,N/A
Tier 1 - Master,(Master/Striker) Shadow Boxing,9 SP,N/A
Tier 1 - Master,(Master) Scribble,9 SP,N/A
Tier 1 - Master,(Master/Thinker) Skein,9 SP,N/A
Tier 1 - Master,(Master/Trump) Chibi Champion,9 SP,N/A
Tier 1 - Master,(Master) Positive Multiplier,10 SP,N/A
Tier 1 - Master,(Master/Shaker) Logosthesia,10 SP,N/A
Tier 1 - Master,(Master/Thinker) Brain Drain,10 SP,N/A
Tier 1 - Master,(Master/Tinker) Kerbal,10 SP| 4 SP,N/A
Tier 1 - Master,(Master/Striker) Imp Master,10 SP,N/A
Tier 1 - Master,(Master/Mover) Gremlins,10 SP,N/A
Tier 1 - Master,(Master) Mirror Mirror,10 SP,N/A
Tier 1 - Master,(Master) Command,10 SP,N/A
Tier 1 - Master,(Master) Dominate,10 SP,N/A
Tier 1 - Master,(Master) Relationship Modification,10 SP,N/A
Tier 1 - Master,(Master/Thinker) The Boss,10 SP,N/A
Tier 1 - Master,(Master/Trump) Haze of Conflict,10 SP,N/A
Tier 1 - Master,(Master/Thinker) Truth Serum,10 SP,N/A
Tier 1 - Master,(Master) It’s The Thought That Counts,10 SP,N/A
Tier 1 - Master,(Master/Breaker) Bilocation,10 SP,N/A
Tier 1 - Master,(Master/Tinker) Piggot’s Terror,10 SP| 4 SP,N/A
Tier 1 - Master,(Master) Kitbash,10 SP,N/A
Tier 1 - Master,(Master/Thinker) Brain Worms,10 SP,N/A
Tier 1 - Master,(Master/Breaker) Blood Spill,10 SP,N/A
Tier 1 - Master,(Master/Trump) Lionheart,11 SP,N/A
Tier 1 - Master,(Master) Victory's Path,11 SP,N/A
Tier 1 - Master,(Master/Stranger) Sleeping Guard,11 SP,N/A
Tier 1 - Master,(Master/Shaker) Starving Shade,11 SP,N/A
Tier 1 - Master,(Master) Fly Strike,11 SP,N/A
Tier 1 - Master,(Master) Friendbringers,12 SP,N/A
Tier 1 - Master,(Master/Trump) Open Eyes,12 SP,N/A
Tier 1 - Master,(Master) Child of Flemming,12 SP,N/A
Tier 1 - Master,(Master/Breaker) Mitosis,12 SP,N/A
Tier 1 - Master,(Master) Golem,13 SP,N/A
Tier 1 - Master,(Master) Stand,13 SP,N/A
Tier 1 - Master,(Master) Calling Help,14 SP,N/A
Tier 1 - Master,(Master) Hive Mind,15 SP,N/A
Tier 1 - Master,(Master/Trump) Scepter of Power,15 SP,N/A
Tier 1 - Master,(Master) Khepri,15 SP,N/A
Tier 1 - Master,(Master) Monster Maker,15 SP,N/A
Tier 1 - Master,(Master) Shadow Servant,15 SP,N/A
Tier 1 - Master,(Master/Tinker) The Spark of Life,15 SP| 5 SP,N/A
Tier 1 - Master,(Master/Trump) Disgorge,15 SP,N/A
Tier 1 - Tinker,(Tinker) Cannibal,1 SP,N/A
Tier 1 - Tinker,(Tinker) Jack of All Trades,2 SP| 1 SP,N/A
Tier 1 - Tinker,(Tinker) Thrown,2 SP| 1 SP,N/A
Tier 1 - Tinker,(Tinker) Bell,2 SP| 1 SP,N/A
Tier 1 - Tinker,(Tinker) Detection and Analysis,3 SP| 1 SP,N/A
Tier 1 - Tinker,(Tinker) Sharing,3 SP| 1 SP,N/A
Tier 1 - Tinker,(Tinker) Brotato,3 SP| 1 SP,N/A
Tier 1 - Tinker,(Tinker) Wizard Wheezers,3 SP| 1 SP,N/A
Tier 1 - Tinker,(Tinker) Communication,3 SP| 1 SP,N/A
Tier 1 - Tinker,(Tinker) Repair,3 SP| 1 SP,N/A
Tier 1 - Tinker,(Tinker) Self-Repair,3 SP| 1 SP,N/A
Tier 1 - Tinker,(Tinker/Thinker) Garment,3 SP| 1 SP,N/A
Tier 1 - Tinker,(Tinker) of Friction,3 SP| 1 SP,N/A
Tier 1 - Tinker,(Tinker) Kinesis,3 SP| 1 SP,N/A
Tier 1 - Tinker,(Tinker) Domestic Life,3 SP| 1 SP,N/A
Tier 1 - Tinker,(Tinker) Surveillance,3 SP| 1 SP,N/A
Tier 1 - Tinker,(Tinker/Master) Love Potion,4 SP| 2 SP,N/A
Tier 1 - Tinker,(Tinker) Salvage,4 SP| 2 SP,N/A
Tier 1 - Tinker,(Tinker/Thinker) One Man’s Trash Is Another Man’s Treasure,4 SP| 2 SP,N/A
Tier 1 - Tinker,(Tinker) Attunement,4 SP| 2 SP,N/A
Tier 1 - Tinker,(Tinker) Ruggedization,4 SP| 2 SP,N/A
Tier 1 - Tinker,(Tinker) Ergonomics,4 SP| 2 SP,N/A
Tier 1 - Tinker,(Tinker) Overclock,4 SP| 2 SP,N/A
Tier 1 - Tinker,(Tinker) Necromancer,4 SP| 2 SP,N/A
Tier 1 - Tinker,(Tinker) Rapid Prototyping,4 SP| 2 SP,N/A
Tier 1 - Tinker,(Tinker/Thinker) Dreamlife,4 SP| 2 SP,N/A
Tier 1 - Tinker,(Tinker) Chimeric,4 SP| 2 SP,N/A
Tier 1 - Tinker,(Tinker) Swords,5 SP| 2 SP,N/A
Tier 1 - Tinker,(Tinker) Lorax,5 SP| 2 SP,N/A
Tier 1 - Tinker,(Tinker/Trump) Assistant,5 SP| 2 SP,N/A
Tier 1 - Tinker,(Tinker) Speed,5 SP| 2 SP,N/A
Tier 1 - Tinker,(Tinker) Weaving,5 SP| 2 SP,N/A
Tier 1 - Tinker,(Tinker) Memory Fabrication,5 SP| 2 SP,N/A
Tier 1 - Tinker,(Tinker) Shields,5 SP| 2 SP,N/A
Tier 1 - Tinker,(Tinker) Sound/Vibration,5 SP| 2 SP,N/A
Tier 1 - Tinker,(Tinker) Virtual Reality,5 SP| 2 SP,N/A
Tier 1 - Tinker,(Tinker) Clockwork Precision,5 SP| 2 SP,N/A
Tier 1 - Tinker,(Tinker) Precision,5 SP| 2 SP,N/A
Tier 1 - Tinker,(Tinker) Filter,5 SP| 2 SP,N/A
Tier 1 - Tinker,(Tinker) Electromagnetism,5 SP| 2 SP,N/A
Tier 1 - Tinker,(Tinker) Resource Exploitation,5 SP| 2 SP,N/A
Tier 1 - Tinker,(Tinker) Home on the Road,5 SP| 2 SP,N/A
Tier 1 - Tinker,(Tinker) Dream Craft,5 SP| 2 SP,N/A
Tier 1 - Tinker,(Tinker) I’m On a Boat,5 SP| 2 SP,N/A
Tier 1 - Tinker,(Tinker/Thinker) Martial Arts,5 SP| 2 SP,N/A
Tier 1 - Tinker,(Tinker) Redundancy,6 SP| 2 SP,N/A
Tier 1 - Tinker,(Tinker) Traps,6 SP| 2 SP,N/A
Tier 1 - Tinker,(Tinker) Hyperspecialized,6 SP| 2 SP,N/A
Tier 1 - Tinker,(Tinker) Chassis,6 SP| 2 SP,N/A
Tier 1 - Tinker,(Tinker) Emotions,6 SP| 2 SP,N/A
Tier 1 - Tinker,(Tinker) Software,6 SP| 2 SP,N/A
Tier 1 - Tinker,(Tinker) Quantum Computing,6 SP| 2 SP,N/A
Tier 1 - Tinker,(Tinker/Thinker) Encryption,6 SP| 2 SP,N/A
Tier 1 - Tinker,(Tinker) Illusion,6 SP| 2 SP,N/A
Tier 1 - Tinker,(Tinker) Camouflage,6 SP| 2 SP,N/A
Tier 1 - Tinker,(Tinker) Counter-Tech,6 SP| 2 SP,N/A
Tier 1 - Tinker,(Tinker) Add-On Augmentation,6 SP| 2 SP,N/A
Tier 1 - Tinker,(Tinker) Chemistry,6 SP| 2 SP,N/A
Tier 1 - Tinker,(Tinker) Manton Limits,6 SP| 2 SP,N/A
Tier 1 - Tinker,(Tinker) Electronics,6 SP| 2 SP,N/A
Tier 1 - Tinker,(Tinker) Imprisonment,6 SP| 2 SP,N/A
Tier 1 - Tinker,"(Tinker) Oh, the Humanity",6 SP| 2 SP,N/A
Tier 1 - Tinker,(Tinker) Murder,6 SP| 2 SP,N/A
Tier 1 - Tinker,(Tinker) Workout,6 SP| 2 SP,N/A
Tier 1 - Tinker,(Tinker) Subterranean,6 SP| 2 SP,N/A
Tier 1 - Tinker,(Tinker) Avatar,6 SP| 2 SP,N/A
Tier 1 - Tinker,(Tinker) Guns,7 SP| 3 SP,N/A
Tier 1 - Tinker,(Tinker) Mechanics,7 SP| 3 SP,N/A
Tier 1 - Tinker,(Tinker) Gravity,7 SP| 3 SP,N/A
Tier 1 - Tinker,(Tinker) Nautical,7 SP| 3 SP,N/A
Tier 1 - Tinker,(Tinker) Aero,7 SP| 3 SP,N/A
Tier 1 - Tinker,(Tinker) Thermal,7 SP| 3 SP,N/A
Tier 1 - Tinker,(Tinker) Terra,7 SP| 3 SP,N/A
Tier 1 - Tinker,(Tinker) Armor,7 SP| 3 SP,N/A
Tier 1 - Tinker,(Tinker) Style,7 SP| 3 SP,N/A
Tier 1 - Tinker,(Tinker) Toyman,7 SP| 3 SP,N/A
Tier 1 - Tinker,(Tinker) Bonsai,7 SP| 3 SP,N/A
Tier 1 - Tinker,(Tinker) Infusionist,7 SP| 3 SP,N/A
Tier 1 - Tinker,(Tinker) Backpack,7 SP| 3 SP,N/A
Tier 1 - Tinker,(Tinker/Master) Spawners,7 SP| 3 SP,N/A
Tier 1 - Tinker,(Tinker/Trump) Kryptonite,8 SP| 3 SP,N/A
Tier 1 - Tinker,(Tinker) Robots,8 SP| 3 SP,N/A
Tier 1 - Tinker,(Tinker) Bloody Tinker,8 SP| 3 SP,N/A
Tier 1 - Tinker,(Tinker) Absurdity,8 SP| 3 SP,N/A
Tier 1 - Tinker,(Tinker) E=MC²,8 SP| 3 SP,N/A
Tier 1 - Tinker,(Tinker) Crystals!,8 SP| 3 SP,N/A
Tier 1 - Tinker,(Tinker) Bio-Mimicry,8 SP| 3 SP,N/A
Tier 1 - Tinker,(Tinker) Living Machine,8 SP| 3 SP,N/A
Tier 1 - Tinker,(Tinker) Preservation,8 SP| 3 SP,N/A
Tier 1 - Tinker,(Tinker) Symbiote,8 SP| 3 SP,N/A
Tier 1 - Tinker,(Tinker) Modes,8 SP| 3 SP,N/A
Tier 1 - Tinker,(Tinker) Kinetics,8 SP| 3 SP,N/A
Tier 1 - Tinker,(Tinker) Cybernetics,8 SP| 3 SP,N/A
Tier 1 - Tinker,(Tinker) Refinement,8 SP| 3 SP,N/A
Tier 1 - Tinker,(Tinker) Geneticist,8 SP| 3 SP,N/A
Tier 1 - Tinker,(Tinker) Energy,8 SP| 3 SP,N/A
Tier 1 - Tinker,(Tinker/Striker) Taking The Stage,8 SP| 3 SP,N/A
Tier 1 - Tinker,(Tinker) Information Hazard,8 SP| 3 SP,N/A
Tier 1 - Tinker,(Tinker/Trump) Gourmet,8 SP| 3 SP,N/A
Tier 1 - Tinker,(Tinker) Hard Light Manipulation,8 SP| 3 SP,N/A
Tier 1 - Tinker,(Tinker/Thinker) Legacy,8 SP| 3 SP,N/A
Tier 1 - Tinker,(Tinker) Basic Tinker,8 SP| 3 SP,N/A
Tier 1 - Tinker,(Tinker) Russian Roulette,8 SP| 3 SP,N/A
Tier 1 - Tinker,(Tinker) Material Density,8 SP| 3 SP,N/A
Tier 1 - Tinker,(Tinker) AI Generated,8 SP| 3 SP,N/A
Tier 1 - Tinker,(Tinker) Stasis,8 SP| 3 SP,N/A
Tier 1 - Tinker,(Tinker) But Where's The- DRAGON!!!,8 SP| 3 SP,N/A
Tier 1 - Tinker,(Tinker) Armored Warfare,9 SP| 3 SP,N/A
Tier 1 - Tinker,(Tinker) Poison,9 SP| 3 SP,N/A
Tier 1 - Tinker,(Tinker) Medicine,9 SP| 3 SP,N/A
Tier 1 - Tinker,(Tinker) Rocketman,9 SP| 3 SP,N/A
Tier 1 - Tinker,(Tinker/Trump) Fluctuation,9 SP| 3 SP,N/A
Tier 1 - Tinker,(Tinker) Ace Combat,9 SP| 3 SP,N/A
Tier 1 - Tinker,(Tinker) Metropolis,9 SP| 3 SP,N/A
Tier 1 - Tinker,"(Tinker/Thinker) Suppress, Conjecture, Predict",10 SP| 4 SP,N/A
Tier 1 - Tinker,(Tinker) Rube Goldberg Machines,10 SP| 4 SP,N/A
Tier 1 - Tinker,(Tinker) Meme,10 SP| 4 SP,N/A
Tier 1 - Tinker,(Tinker/Thinker) Class In Session,10 SP| 4 SP,N/A
Tier 1 - Tinker,(Tinker/Thinker) Safety,10 SP| 4 SP,N/A
Tier 1 - Tinker,(Tinker) Construction,10 SP| 4 SP,N/A
Tier 1 - Tinker,(Tinker) Material,10 SP| 4 SP,N/A
Tier 1 - Tinker,(Tinker) Techie,10 SP| 4 SP,N/A
Tier 1 - Tinker,(Tinker) Remote Control,10 SP| 4 SP,N/A
Tier 1 - Tinker,(Tinker/Striker) Fuinjutsu,10 SP| 4 SP,N/A
Tier 1 - Tinker,(Tinker) Domain,10 SP| 4 SP,N/A
Tier 1 - Tinker,(Tinker) Huge Scale,10 SP| 4 SP,N/A
Tier 1 - Tinker,(Tinker) Satellites,10 SP| 4 SP,N/A
Tier 1 - Tinker,(Tinker) Fortifications and Artillery,11 SP| 4 SP,N/A
Tier 1 - Tinker,(Tinker) Escalation,11 SP| 4 SP,N/A
Tier 1 - Tinker,(Tinker) Reconfiguration,11 SP| 4 SP,N/A
Tier 1 - Tinker,(Tinker) Self Replicating,11 SP| 4 SP,N/A
Tier 1 - Tinker,(Tinker/Trump) Glory,11 SP| 4 SP,N/A
Tier 1 - Tinker,(Tinker) Interdimensional,11 SP| 4 SP,N/A
Tier 1 - Tinker,(Tinker) Weatherman,11 SP| 4 SP,N/A
Tier 1 - Tinker,(Tinker) Assimilation,11 SP| 4 SP,N/A
Tier 1 - Tinker,(Tinker) Reproduction,12 SP| 4 SP,N/A
Tier 1 - Tinker,(Tinker) Self-Alteration,12 SP| 4 SP,N/A
Tier 1 - Tinker,(Tinker) Probability Manipulation,12 SP| 4 SP,N/A
Tier 1 - Tinker,(Tinker/Master) Nanobots,13 SP| 5 SP,N/A
Tier 1 - Tinker,(Tinker/Master) Machine World,13 SP| 5 SP,N/A
Tier 1 - Tinker,(Tinker) Nanites,13 SP| 5 SP,N/A
Tier 1 - Tinker,(Tinker) Nuclear,14 SP| 5 SP,N/A
Tier 1 - Tinker,(Tinker) Space,14 SP| 5 SP,N/A
Tier 1 - Tinker,(Tinker) Destruction,14 SP| 5 SP,N/A
Tier 1 - Tinker,(Tinker) Lasers!,14 SP| 5 SP,N/A
Tier 1 - Tinker,(Tinker) Information,14 SP| 5 SP,N/A
Tier 1 - Tinker,(Tinker) Infectious Enhancements,14 SP| 5 SP,N/A
Tier 1 - Tinker,(Tinker) Souls Tech,14 SP| 5 SP,N/A
Tier 1 - Tinker,(Tinker/Trump) Cape Cosplay,14 SP| 5 SP,N/A
Tier 1 - Tinker,(Tinker) Code,15 SP| 5 SP,N/A
Tier 1 - Tinker,(Tinker) Terraforming,15 SP| 5 SP,N/A
Tier 1 - Tinker,(Tinker/Trump) Amplifiers and Dampeners,15 SP| 5 SP,N/A
Tier 1 - Tinker,(Tinker) I Wanna Be The Very Best!,15 SP| 5 SP,N/A
Tier 1 - Tinker,(Tinker) Time Dilation,15 SP| 5 SP,N/A
Tier 1 - Tinker,(Tinker/Trump) Variable Tinker,15 SP| 5 SP,N/A
Tier 1 - Tinker,(Tinker) Living Metallurgist,15 SP| 5 SP,N/A
Tier 1 - Tinker,(Tinker) Twilight Tinker,15 SP| 5 SP,N/A
Tier 1 - Tinker,(Tinker/Trump) Antagonist Builder,15 SP| 5 SP,N/A
Tier 1 - Tinker,(Tinker) Fastest Tinker Alive,15 SP| 5 SP,N/A
Tier 1 - Tinker,(Tinker) The Dao of EXPLOSIONS!,15 SP| 5 SP,N/A
Tier 1 - Blaster,(Blaster) Epilepsy,1 SP,N/A
Tier 1 - Blaster,(Blaster) Super Murder Death Beams,1 SP,N/A
Tier 1 - Blaster,(Blaster) Boomerang,1 SP,N/A
Tier 1 - Blaster,(Blaster) Icicle,1 SP,N/A
Tier 1 - Blaster,(Blaster) Unlimited Ammo Works,2 SP,N/A
Tier 1 - Blaster,(Blaster) Custom Projectile,2 SP,N/A
Tier 1 - Blaster,(Blaster) Phantom Punches,2 SP,N/A
Tier 1 - Blaster,(Blaster) Mine Now!,2 SP,N/A
Tier 1 - Blaster,(Blaster) Tubeshock,2 SP,N/A
Tier 1 - Blaster,(Blaster/Shaker) Gandr,2 SP,N/A
Tier 1 - Blaster,(Blaster/Shaker) ACME,2 SP,N/A
Tier 1 - Blaster,(Blaster/Master) Earworm,3 SP,N/A
Tier 1 - Blaster,(Blaster) Hookshot,3 SP,N/A
Tier 1 - Blaster,(Blaster) Debuff,3 SP,N/A
Tier 1 - Blaster,(Blaster) David’s Sling,3 SP,N/A
Tier 1 - Blaster,(Blaster) Handcannon,3 SP,N/A
Tier 1 - Blaster,(Blaster) Needle Gunner,3 SP,N/A
Tier 1 - Blaster,(Blaster) Blaster,4 SP,N/A
Tier 1 - Blaster,(Blaster/Striker) Sneak Attack,4 SP,N/A
Tier 1 - Blaster,(Blaster) Hand Lights,4 SP,N/A
Tier 1 - Blaster,(Blaster/Thinker) Stop-Hit,4 SP,N/A
Tier 1 - Blaster,(Blaster) Incandescent,4 SP,N/A
Tier 1 - Blaster,(Blaster/Master) Skill Thief,5 SP,N/A
Tier 1 - Blaster,(Blaster) Bloody Hell,5 SP,N/A
Tier 1 - Blaster,(Blaster) Pew Pew!,5 SP,N/A
Tier 1 - Blaster,(Blaster/Changer) Birdie!,5 SP,N/A
Tier 1 - Blaster,(Blaster/Trump) Imbue Projectile,5 SP,N/A
Tier 1 - Blaster,(Blaster/Shaker) Vicious Mockery,5 SP,N/A
Tier 1 - Blaster,(Blaster) Mutation,5 SP,N/A
Tier 1 - Blaster,(Blaster) Shibari,5 SP,N/A
Tier 1 - Blaster,(Blaster/Striker) First Strike,5 SP,N/A
Tier 1 - Blaster,(Blaster) Bloodlet,5 SP,N/A
Tier 1 - Blaster,(Blaster/Striker) Saturnian,5 SP,N/A
Tier 1 - Blaster,(Blaster) Lightningrod,6 SP,N/A
Tier 1 - Blaster,(Blaster) Acceleration,6 SP,N/A
Tier 1 - Blaster,(Blaster) Stellar Fragments,6 SP,N/A
Tier 1 - Blaster,(Striker/Blaster) Personalised Attack,6 SP,N/A
Tier 1 - Blaster,(Blaster/Tinker) Weapons Platform,6 SP| 2 SP,N/A
Tier 1 - Blaster,(Blaster) All Things Are Projectiles,6 SP,N/A
Tier 1 - Blaster,(Blaster) Banshee,6 SP,N/A
Tier 1 - Blaster,(Blaster/Tinker) Supply Drop,6 SP| 2 SP,N/A
Tier 1 - Blaster,(Blaster) Voodoo,7 SP,N/A
Tier 1 - Blaster,(Blaster) Selective Targeting,7 SP,N/A
Tier 1 - Blaster,(Blaster) Chained,7 SP,N/A
Tier 1 - Blaster,(Blaster/Striker) Paper Cuts,7 SP,N/A
Tier 1 - Blaster,(Blaster/Thinker) Fistful of Dollars,7 SP,N/A
Tier 1 - Blaster,(Blaster/Shaker) Voice of the Devil,7 SP,N/A
Tier 1 - Blaster,(Blaster/Trump) Card Trickster,7 SP,N/A
Tier 1 - Blaster,(Blaster) Lighthouse,8 SP,N/A
Tier 1 - Blaster,(Blaster) Dollar Store Omega Beam,8 SP,N/A
Tier 1 - Blaster,(Blaster) Bullet Hell,8 SP,N/A
Tier 1 - Blaster,(Blaster/Striker) Hemorrhage,8 SP,N/A
Tier 1 - Blaster,(Blaster/Shaker) Just Fireball,8 SP,N/A
Tier 1 - Blaster,(Blaster/Master) Skill Reallocation,8 SP,N/A
Tier 1 - Blaster,(Blaster/Shaker) Breath Attack,8 SP,N/A
Tier 1 - Blaster,(Blaster/Brute) Infernal Orifices,8 SP,N/A
Tier 1 - Blaster,(Blaster) Charging Beam,9 SP,N/A
Tier 1 - Blaster,(Blaster) Charged Beam,9 SP,N/A
Tier 1 - Blaster,(Blaster/Mover) Cannoneer,9 SP,N/A
Tier 1 - Blaster,(Blaster) Solar,10 SP,N/A
Tier 1 - Blaster,(Blaster/Brute) Icy Protection,10 SP,N/A
Tier 1 - Blaster,(Blaster/Shaker) Roadless Camelot,10 SP,N/A
Tier 1 - Blaster,(Blaster/Mover) Folktale,10 SP,N/A
Tier 1 - Blaster,(Blaster/Shaker) Spectral Platforms,10 SP,N/A
Tier 1 - Blaster,(Blaster) Aimbot,10 SP,N/A
Tier 1 - Blaster,(Blaster/Trump) Snow Shots,10 SP,N/A
Tier 1 - Blaster,(Blaster/Master) Sentry,11 SP,N/A
Tier 1 - Blaster,(Blaster) Worship,12 SP,N/A
Tier 1 - Blaster,(Blaster) Friendship Beam!,12 SP,N/A
Tier 1 - Blaster,(Blaster) Air Cannon,12 SP,N/A
Tier 1 - Blaster,(Blaster/Striker) Beamsaber,12 SP,N/A
Tier 1 - Blaster,(Blaster) Broken Phantasm,12 SP,N/A
Tier 1 - Blaster,(Blaster) The Classic,12 SP,N/A
Tier 1 - Blaster,(Blaster/Trump) Monochrome,12 SP,N/A
Tier 1 - Blaster,(Blaster/Trump) Metronome,12 SP,N/A
Tier 1 - Blaster,(Blaster/Shaker) Chomp!,13 SP,N/A
Tier 1 - Blaster,(Blaster/Changer) Identity Theft,13 SP,N/A
Tier 1 - Blaster,(Blaster/Trump) Burnout,13 SP,N/A
Tier 1 - Blaster,(Blaster) A Damned Mile!,13 SP,N/A
Tier 1 - Blaster,(Blaster) Mythical,14 SP,N/A
Tier 1 - Blaster,(Blaster/Thinker) Droplet,14 SP,N/A
Tier 1 - Blaster,(Blaster/Trump) Rogue-lite Shooter,14 SP,N/A
Tier 1 - Blaster,(Blaster) Damocles,15 SP,N/A
Tier 1 - Blaster,(Blaster/Trump) Still Blast,15 SP,N/A
Tier 1 - Blaster,(Blaster) Laser Bullets,15 SP,N/A
Tier 1 - Blaster,(Blaster/Shaker) Railgun,15 SP,N/A
Tier 1 - Thinker,(Thinker) New Personal Record,1 SP,N/A
Tier 1 - Thinker,(Thinker/Mover) SUPER HOT,2 SP,N/A
Tier 1 - Thinker,(Thinker) X-Ray and Vav,2 SP,N/A
Tier 1 - Thinker,(Thinker) Primal Perception,2 SP,N/A
Tier 1 - Thinker,(Thinker) Conspiracy Nut,2 SP,N/A
Tier 1 - Thinker,(Thinker) Goa'uld,2 SP,N/A
Tier 1 - Thinker,(Thinker/Striker) Synesthesia,2 SP,N/A
Tier 1 - Thinker,(Thinker/Master) Bribery Makes Everything Easier,2 SP,N/A
Tier 1 - Thinker,(Thinker) Prometheus Alpha,2 SP,N/A
Tier 1 - Thinker,(Thinker/Master) Chef Supreme,2 SP,N/A
Tier 1 - Thinker,(Thinker) Overactive Imagination,2 SP,N/A
Tier 1 - Thinker,(Thinker) Voices of Failure,2 SP,N/A
Tier 1 - Thinker,(Thinker) Electroreception,2 SP,N/A
Tier 1 - Thinker,(Thinker) Business Shark,3 SP,N/A
Tier 1 - Thinker,(Thinker) Dr Dolittle,3 SP,N/A
Tier 1 - Thinker,(Thinker) Checklist,3 SP,N/A
Tier 1 - Thinker,(Thinker) Byakugan,3 SP,N/A
Tier 1 - Thinker,(Thinker) Skilled,3 SP,N/A
Tier 1 - Thinker,(Thinker) Immersive Storytelling,3 SP,N/A
Tier 1 - Thinker,(Thinker) Clean Mind,3 SP,N/A
Tier 1 - Thinker,(Thinker) Consciousness Commander,3 SP,N/A
Tier 1 - Thinker,(Thinker) Enhanced Senses,3 SP,N/A
Tier 1 - Thinker,(Thinker) Strong Man,3 SP,N/A
Tier 1 - Thinker,(Thinker) Dreams of Another Life,3 SP,N/A
Tier 1 - Thinker,(Thinker) Interlude,3 SP,N/A
Tier 1 - Thinker,(Thinker) This Is The Greatest Plan…!,3 SP,N/A
Tier 1 - Thinker,(Thinker) Feel It In My Bones,3 SP,N/A
Tier 1 - Thinker,(Thinker) Life 360,3 SP,N/A
Tier 1 - Thinker,(Thinker) Perfect Timing,4 SP,N/A
Tier 1 - Thinker,(Thinker/Brute) Skill Issue,4 SP,N/A
Tier 1 - Thinker,(Thinker) A Thousand Souls,4 SP,N/A
Tier 1 - Thinker,(Thinker) Scrying Orb,4 SP,N/A
Tier 1 - Thinker,(Thinker) Multibrain,4 SP,N/A
Tier 1 - Thinker,(Thinker/Trump) Dream Cinephile,4 SP,N/A
Tier 1 - Thinker,(Thinker) Breaking the Mask,4 SP,N/A
Tier 1 - Thinker,(Thinker) Deja Vecu,4 SP,N/A
Tier 1 - Thinker,(Thinker/Trump) Munchkin,4 SP,N/A
Tier 1 - Thinker,(Thinker/Breaker) Inner Self,4 SP,N/A
Tier 1 - Thinker,(Thinker) Think Tank,5 SP,N/A
Tier 1 - Thinker,(Thinker) One or the Other,5 SP,N/A
Tier 1 - Thinker,(Thinker/Brute) Stolen Muscles,5 SP,N/A
Tier 1 - Thinker,(Thinker) Mental Probe,5 SP,N/A
Tier 1 - Thinker,(Thinker) Opposite of A Smooth Brain,5 SP,N/A
Tier 1 - Thinker,(Thinker) Eagle Vision,5 SP,N/A
Tier 1 - Thinker,(Thinker) All Part of the Plan,5 SP,N/A
Tier 1 - Thinker,(Thinker) Roleplay,5 SP,N/A
Tier 1 - Thinker,(Thinker) Pattern Recognition,5 SP,N/A
Tier 1 - Thinker,(Thinker) Super Dream,5 SP,N/A
Tier 1 - Thinker,(Thinker) Looking for More,5 SP,N/A
Tier 1 - Thinker,(Thinker) Full Picture,5 SP,N/A
Tier 1 - Thinker,(Thinker) Sympathetic Sight,5 SP,N/A
Tier 1 - Thinker,(Thinker/Mover) Dead as Disco,5 SP,N/A
Tier 1 - Thinker,(Thinker) Unwilling Prodigy,5 SP,N/A
Tier 1 - Thinker,(Thinker/Striker) Data Transfer,5 SP,N/A
Tier 1 - Thinker,(Thinker/Brute) Dark Knight,5 SP,N/A
Tier 1 - Thinker,(Thinker) Compiler,5 SP,N/A
Tier 1 - Thinker,(Thinker) Ghostmates,6 SP,N/A
Tier 1 - Thinker,(Thinker) Sightless Predictions,6 SP,N/A
Tier 1 - Thinker,(Thinker) Precognitive Combat,6 SP,N/A
Tier 1 - Thinker,(Thinker) Renaissance Man,6 SP,N/A
Tier 1 - Thinker,(Thinker) Combat Savant,6 SP,N/A
Tier 1 - Thinker,(Thinker/Brute) Transferable Skills,6 SP,N/A
Tier 1 - Thinker,(Thinker/Master) TLC,6 SP,N/A
Tier 1 - Thinker,(Thinker) Tracker,7 SP,N/A
Tier 1 - Thinker,(Thinker) Schrödinger,7 SP,N/A
Tier 1 - Thinker,(Thinker/Trump) Networking,7 SP,N/A
Tier 1 - Thinker,(Thinker) Flatline,7 SP,N/A
Tier 1 - Thinker,(Thinker) Landlord,7 SP,N/A
Tier 1 - Thinker,(Thinker) Dreamer,7 SP,N/A
Tier 1 - Thinker,(Thinker) Retroactive Empath,7 SP,N/A
Tier 1 - Thinker,(Thinker/Striker) Mind Plunderer,7 SP,N/A
Tier 1 - Thinker,(Thinker) Snap,7 SP,N/A
Tier 1 - Thinker,(Thinker) Anti-Monitor,7 SP,N/A
Tier 1 - Thinker,(Thinker) Parry,7 SP,N/A
Tier 1 - Thinker,(Thinker/Blaster) Ricochet,7 SP,N/A
Tier 1 - Thinker,(Thinker) Twisted World,7 SP,N/A
Tier 1 - Thinker,(Thinker) Mental Faculty,7 SP,N/A
Tier 1 - Thinker,(Thinker) Enhanced Mastery,8 SP,N/A
Tier 1 - Thinker,(Thinker) Canon Event,8 SP,N/A
Tier 1 - Thinker,(Thinker/Striker) Martial Arts,8 SP,N/A
Tier 1 - Thinker,(Thinker/Master) Zeitgeist,8 SP,N/A
Tier 1 - Thinker,(Thinker) My Eyes are Your Eyes,9 SP,N/A
Tier 1 - Thinker,(Thinker) Danger Sense,9 SP,N/A
Tier 1 - Thinker,(Thinker) Discombobulate,9 SP,N/A
Tier 1 - Thinker,(Thinker) Filter,9 SP,N/A
Tier 1 - Thinker,(Thinker) Glimpse,10 SP,N/A
Tier 1 - Thinker,(Thinker) Ninshú,10 SP,N/A
Tier 1 - Thinker,(Thinker/Master) Indoctrination Is Friendship,10 SP,N/A
Tier 1 - Thinker,(Thinker) Oracle of Delphi,10 SP,N/A
Tier 1 - Thinker,(Thinker) I’ve Come to Bargain,10 SP,N/A
Tier 1 - Thinker,(Thinker) Weakspot,10 SP,N/A
Tier 1 - Thinker,(Thinker/Striker) Theft,10 SP,N/A
Tier 1 - Thinker,(Thinker) Your Only Move,10 SP,N/A
Tier 1 - Thinker,(Thinker) Mr(s). Fixit,10 SP,N/A
Tier 1 - Thinker,(Thinker) Plans within Plans,12 SP,N/A
Tier 1 - Thinker,(Thinker) Past Sight,12 SP,N/A
Tier 1 - Thinker,(Thinker/Mover) Sphere of Insight,13 SP,N/A
Tier 1 - Thinker,(Thinker) Laplace Demon,14 SP,N/A
Tier 1 - Thinker,(Thinker) Respawn,14 SP,N/A
Tier 1 - Thinker,(Thinker/Mover) Pathfinder,15 SP,N/A
Tier 1 - Thinker,(Thinker/Master) Self Image,15 SP,N/A
Tier 1 - Thinker,(Thinker/Trump) Glass Cannon,15 SP,N/A
Tier 1 - Thinker,(Thinker/Trump) Nikke,15 SP,N/A
Tier 1 - Striker,(Striker) Knockout,1 SP,N/A
Tier 1 - Striker,(Striker) Futureport,1 SP,N/A
Tier 1 - Striker,(Striker) Gympie-Gympie,1 SP,N/A
Tier 1 - Striker,(Striker) Blade Hands,2 SP,N/A
Tier 1 - Striker,(Striker/Trump) Critical Hit!,2 SP,N/A
Tier 1 - Striker,(Striker) Swapped Palms,2 SP,N/A
Tier 1 - Striker,(Striker/Blaster) Striker,2 SP,N/A
Tier 1 - Striker,(Striker/Shaker) Hardlight,3 SP,N/A
Tier 1 - Striker,(Striker) Divergent Fist,3 SP,N/A
Tier 1 - Striker,(Striker/Shaker) Cleanse,3 SP,N/A
Tier 1 - Striker,(Striker/Master) Forget-me-yes,3 SP,N/A
Tier 1 - Striker,(Striker/Stranger) The Cheese Touch,3 SP,N/A
Tier 1 - Striker,(Striker/Trump) Did You Say Initial Release?,3 SP,N/A
Tier 1 - Striker,(Striker/Mover) DPS,3 SP,N/A
Tier 1 - Striker,(Striker) Healing Touch,3 SP,N/A
Tier 1 - Striker,(Striker) Renewal,4 SP,N/A
Tier 1 - Striker,(Striker) Change Size,4 SP,N/A
Tier 1 - Striker,(Striker/Shaker) Hole,4 SP,N/A
Tier 1 - Striker,(Striker) Stop!,4 SP,N/A
Tier 1 - Striker,(Striker) 100th Strike,4 SP,N/A
Tier 1 - Striker,(Striker/Tinker) Amplify Charges,4 SP| 2 SP,N/A
Tier 1 - Striker,(Striker/Brute) Rusted Juggernaut,4 SP,N/A
Tier 1 - Striker,(Striker) Vibranium,5 SP,N/A
Tier 1 - Striker,(Striker) Midas Touch,5 SP,N/A
Tier 1 - Striker,(Striker) Mass Manipulation,5 SP,N/A
Tier 1 - Striker,(Striker/Blaster) The Spin,5 SP,N/A
Tier 1 - Striker,(Striker/Tinker) Facet,5 SP| 2 SP,N/A
Tier 1 - Striker,(Striker) Phase Touch,5 SP,N/A
Tier 1 - Striker,(Striker) Edge,5 SP,N/A
Tier 1 - Striker,(Striker) Human Capacitor,5 SP,N/A
Tier 1 - Striker,(Striker) History’s Pain,5 SP,N/A
Tier 1 - Striker,(Striker) Machine Spirit,5 SP,N/A
Tier 1 - Striker,(Striker) Twin Impact,5 SP,N/A
Tier 1 - Striker,(Striker) Meat Touch,5 SP,N/A
Tier 1 - Striker,(Striker/Breaker) The Void,5 SP,N/A
Tier 1 - Striker,(Striker/Thinker) Cold Weaponry,5 SP,N/A
Tier 1 - Striker,(Striker/Tinker) Fuse,6 SP| 2 SP,N/A
Tier 1 - Striker,(Striker) Abstraction,6 SP,N/A
Tier 1 - Striker,(Striker) Echo,6 SP,N/A
Tier 1 - Striker,(Striker/Changer) External Nerves,6 SP,N/A
Tier 1 - Striker,(Striker/Blaster) Fiery Moves,6 SP,N/A
Tier 1 - Striker,(Striker/Brute) Cutthroat,6 SP,N/A
Tier 1 - Striker,(Striker/Trump) Gooey Steroids,6 SP,N/A
Tier 1 - Striker,"(Striker/Trump) Shake, Shake, Shake",6 SP,N/A
Tier 1 - Striker,(Striker) Discombobulating Puppeteer,6 SP,N/A
Tier 1 - Striker,(Striker/Trump) Perk,7 SP,N/A
Tier 1 - Striker,(Striker) Grippy Grip,7 SP,N/A
Tier 1 - Striker,(Striker) Thorns,7 SP,N/A
Tier 1 - Striker,(Striker/Changer) Wolf Time,7 SP,N/A
Tier 1 - Striker,(Striker) Real or Cake,7 SP,N/A
Tier 1 - Striker,(Striker/Shaker) Viral Blood,7 SP,N/A
Tier 1 - Striker,(Striker/Trump) Equip Bonuses,7 SP,N/A
Tier 1 - Striker,(Striker) Wither,8 SP,N/A
Tier 1 - Striker,(Striker) Hold Strike,8 SP,N/A
Tier 1 - Striker,(Striker) Delay Strike,8 SP,N/A
Tier 1 - Striker,(Striker) Stockpile,8 SP,N/A
Tier 1 - Striker,(Striker/Trump) Chi Blocking,8 SP,N/A
Tier 1 - Striker,(Striker) Melty,8 SP,N/A
Tier 1 - Striker,(Striker/Master) Body-Swap,8 SP,N/A
Tier 1 - Striker,(Striker) Tactile Telekinesis,8 SP,N/A
Tier 1 - Striker,(Striker) Divide,8 SP,N/A
Tier 1 - Striker,(Striker/Mover) Buoyancy,8 SP,N/A
Tier 1 - Striker,(Striker/Tinker) Dress Up!,8 SP| 3 SP,N/A
Tier 1 - Striker,(Striker/Trump) The Abyss,8 SP,N/A
Tier 1 - Striker,(Striker/Brute) Stop! Hammer Time,9 SP,N/A
Tier 1 - Striker,(Striker/Trump) Backup,9 SP,N/A
Tier 1 - Striker,(Striker/Master) Memory Injector,9 SP,N/A
Tier 1 - Striker,(Striker) Explosive Armor,9 SP,N/A
Tier 1 - Striker,(Striker) Combo,9 SP,N/A
Tier 1 - Striker,(Striker/Shaker) Fragmentation,9 SP,N/A
Tier 1 - Striker,(Striker) Rewind,9 SP,N/A
Tier 1 - Striker,(Striker/Trump) Retribution,9 SP,N/A
Tier 1 - Striker,(Striker/Master) Disorder,9 SP,N/A
Tier 1 - Striker,(Striker/Changer) The Face Stealer,9 SP,N/A
Tier 1 - Striker,(Striker/Trump) Tuning Fork,9 SP,N/A
Tier 1 - Striker,(Striker) 1000 Degree Knife,10 SP,N/A
Tier 1 - Striker,(Striker) Replicate,10 SP,N/A
Tier 1 - Striker,(Striker) Property Catalogue,10 SP,N/A
Tier 1 - Striker,(Striker) Ouroboros,10 SP,N/A
Tier 1 - Striker,(Striker) Vector Alteration,10 SP,N/A
Tier 1 - Striker,(Striker) Resistance Down,10 SP,N/A
Tier 1 - Striker,(Striker) Implosion,10 SP,N/A
Tier 1 - Striker,(Striker) Death Touch,10 SP,N/A
Tier 1 - Striker,(Striker) Time Strike,10 SP,N/A
Tier 1 - Striker,(Striker) Redistribution of Pain,10 SP,N/A
Tier 1 - Striker,(Striker/Trump) Object Playlist,10 SP,N/A
Tier 1 - Striker,(Striker/Thinker) Fight Me With Your Fists,10 SP,N/A
Tier 1 - Striker,(Striker/Mover) Spatial Rupture,11 SP,N/A
Tier 1 - Striker,(Striker) Reinforcement,12 SP,N/A
Tier 1 - Striker,(Striker/Shaker) Jinx,12 SP,N/A
Tier 1 - Striker,(Striker) Clockstopper,12 SP,N/A
Tier 1 - Striker,(Striker) Dynamo,12 SP,N/A
Tier 1 - Striker,"(Striker/Thinker) ""Healer""",14 SP,N/A
Tier 1 - Striker,(Striker) Black Flash,14 SP,N/A
Tier 1 - Striker,(Striker/Shaker) Reconstitute,15 SP,N/A
Tier 1 - Striker,(Striker/Trump) Idol Theory,15 SP,N/A
Tier 1 - Striker,(Striker) Mutagen,15 SP,N/A
Tier 1 - Striker,(Striker/Trump) Thorny Rose,15 SP,N/A
Tier 1 - Striker,(Striker/Trump) Bandersnatch,15 SP,N/A
Tier 1 - Changer,(Changer) Wolverine,1 SP,N/A
Tier 1 - Changer,(Changer) Take a Bite,1 SP,N/A
Tier 1 - Changer,(Changer) Headcase(53),1 SP,N/A
Tier 1 - Changer,(Changer) Beauty,2 SP,N/A
Tier 1 - Changer,(Changer) Mouthful,2 SP,N/A
Tier 1 - Changer,(Changer) Itsuka Kendo,2 SP,N/A
Tier 1 - Changer,(Changer) Deviant,2 SP,N/A
Tier 1 - Changer,(Changer/Stranger) 3… 2… 1... Camera!,2 SP,N/A
Tier 1 - Changer,(Changer) Finger Whips,2 SP,N/A
Tier 1 - Changer,(Changer) Athletic,2 SP,N/A
Tier 1 - Changer,(Changer/Brute) Ogre,3 SP,N/A
Tier 1 - Changer,(Changer/Stranger) Prop Hunt,3 SP,N/A
Tier 1 - Changer,(Changer) Self-Petrification,3 SP,N/A
Tier 1 - Changer,(Changer) Genetic Reformatting,3 SP,N/A
Tier 1 - Changer,(Changer/Brute) The Golden Man,4 SP,N/A
Tier 1 - Changer,(Changer/Trump) Metamorphosis,4 SP,N/A
Tier 1 - Changer,(Changer/Stranger) Human Shapeshift,4 SP,N/A
Tier 1 - Changer,(Changer) Golem,4 SP,N/A
Tier 1 - Changer,(Changer/Brute) Dire Wolf,4 SP,N/A
Tier 1 - Changer,(Changer/Thinker) Fangs,4 SP,N/A
Tier 1 - Changer,(Changer) Manticore,4 SP,N/A
Tier 1 - Changer,(Changer/Mover) Wildblink,4 SP,N/A
Tier 1 - Changer,(Changer/Master) Sheeda,4 SP,N/A
Tier 1 - Changer,(Changer) Fishing Trip,4 SP,N/A
Tier 1 - Changer,(Changer/Brute) Fatty,5 SP,N/A
Tier 1 - Changer,(Changer/Stranger) Imposter,5 SP,N/A
Tier 1 - Changer,(Changer/Brute) Cells At Work,5 SP,N/A
Tier 1 - Changer,(Changer/Brute) Taller,5 SP,N/A
Tier 1 - Changer,(Changer/Brute) Dinosaur,6 SP,N/A
Tier 1 - Changer,(Changer/Stranger) Tears of a God,6 SP,N/A
Tier 1 - Changer,(Changer/Brute) Expand And Contract,6 SP,N/A
Tier 1 - Changer,(Changer/Brute) Armored Skin,6 SP,N/A
Tier 1 - Changer,(Changer) “Coil”,6 SP,N/A
Tier 1 - Changer,(Changer/Brute) Living Threads,6 SP,N/A
Tier 1 - Changer,(Changer/Brute) Exaggerated Figure,6 SP,N/A
Tier 1 - Changer,(Changer/Master) Culture,6 SP,N/A
Tier 1 - Changer,(Changer) Mutant Beast,6 SP,N/A
Tier 1 - Changer,(Changer/Trump) Versatail,6 SP,N/A
Tier 1 - Changer,(Changer) Body Potential,6 SP,N/A
Tier 1 - Changer,(Changer/Trump) Kirby,7 SP,N/A
Tier 1 - Changer,(Changer) Transformers,7 SP,N/A
Tier 1 - Changer,(Changer/Stranger) Oblex Impersonation,7 SP,N/A
Tier 1 - Changer,(Changer/Master) Aragog,7 SP,N/A
Tier 1 - Changer,(Changer) Human Centipede,7 SP,N/A
Tier 1 - Changer,(Changer/Blaster) Swiss Army Man,7 SP,N/A
Tier 1 - Changer,(Changer/Master) Reefshell,7 SP,N/A
Tier 1 - Changer,(Changer) “Dragonfly”,7 SP,N/A
Tier 1 - Changer,(Changer/Stranger) Eugenics,7 SP,N/A
Tier 1 - Changer,"(Changer/Trump) It's a me, a Mario!",8 SP,N/A
Tier 1 - Changer,(Changer/Striker) Amalgam,8 SP,N/A
Tier 1 - Changer,(Changer/Brute) Stitch Blanket,8 SP,N/A
Tier 1 - Changer,(Changer/Trump) Slime,8 SP,N/A
Tier 1 - Changer,(Changer) Daymare,8 SP,N/A
Tier 1 - Changer,(Changer/Brute) T-1000,8 SP,N/A
Tier 1 - Changer,(Changer/Brute) Transhuman,8 SP,N/A
Tier 1 - Changer,(Changer/Trump) Tentacled One,8 SP,N/A
Tier 1 - Changer,(Changer) Accelerated Evolution,9 SP,N/A
Tier 1 - Changer,(Changer/Master) Big Baby,9 SP,N/A
Tier 1 - Changer,(Changer) Flerken,9 SP,N/A
Tier 1 - Changer,(Changer/Brute) Hecatoncheires,10 SP,N/A
Tier 1 - Changer,(Changer/Mover) Tentacles,10 SP,N/A
Tier 1 - Changer,(Changer) Self-Biokinesis,11 SP,N/A
Tier 1 - Changer,(Changer/Trump) Eye Guy,11 SP,N/A
Tier 1 - Changer,(Changer) Kevin,12 SP,N/A
Tier 1 - Changer,(Changer/Breaker) Biosphere,12 SP,N/A
Tier 1 - Changer,(Changer/Breaker) Roc,12 SP,N/A
Tier 1 - Changer,(Changer/Breaker) Endarmor,13 SP,N/A
Tier 1 - Changer,(Changer/Breaker) Ladon,14 SP,N/A
Tier 1 - Changer,(Changer/Master) Bowser,14 SP,N/A
Tier 1 - Changer,(Changer) Lung? Hah! I'm the real dragon here.,14 SP,N/A
Tier 1 - Changer,(Changer/Trump) Chimeric Integration,14 SP,N/A
Tier 1 - Changer,(Changer/Trump) Pokémon,15 SP,N/A
Tier 1 - Changer,(Changer) Synthesis,15 SP,N/A
Tier 1 - Changer,(Changer) Grimm,15 SP,N/A
Tier 1 - Trump,(Trump) Knockoff,1 SP,N/A
Tier 1 - Trump,(Trump/Thinker) Third Eye,2 SP,N/A
Tier 1 - Trump,(Trump) Anchor,3 SP,N/A
Tier 1 - Trump,(Trump) Rainbow,3 SP,N/A
Tier 1 - Trump,(Trump/Thinker) Power Sight,4 SP,N/A
Tier 1 - Trump,"(Trump) Error, Try Again",4 SP,N/A
Tier 1 - Trump,(Trump/Brute) Madness,4 SP,N/A
Tier 1 - Trump,(Trump) Powerswap,4 SP,N/A
Tier 1 - Trump,(Trump/Shaker) Hijack Council,4 SP,N/A
Tier 1 - Trump,(Trump) Conviction,4 SP,N/A
Tier 1 - Trump,(Trump/Thinker) Hunters Mark,4 SP,N/A
Tier 1 - Trump,(Trump) Scramble,5 SP,N/A
Tier 1 - Trump,(Trump/Striker) Endow,5 SP,N/A
Tier 1 - Trump,(Trump) David’s Trash Can,5 SP,N/A
Tier 1 - Trump,(Trump) Commander,5 SP,N/A
Tier 1 - Trump,(Trump) Loyal Companion,5 SP,N/A
Tier 1 - Trump,(Trump) Power Crystallization,5 SP,N/A
Tier 1 - Trump,(Trump) Resistance Increase,5 SP,N/A
Tier 1 - Trump,(Trump) Jekyll and Hyde,5 SP,N/A
Tier 1 - Trump,(Trump) Secondary,5 SP,N/A
Tier 1 - Trump,(Trump/Brute) Twice Critical,5 SP,N/A
Tier 1 - Trump,(Trump) Bestowal,5 SP,N/A
Tier 1 - Trump,(Trump) Fae Court,6 SP,N/A
Tier 1 - Trump,(Trump) Get Here To Me!,6 SP,N/A
Tier 1 - Trump,(Trump) Desperation,6 SP,N/A
Tier 1 - Trump,(Trump) Nope!,6 SP,N/A
Tier 1 - Trump,(Trump/Changer) Reallocate,6 SP,N/A
Tier 1 - Trump,(Trump) Ramp,6 SP,N/A
Tier 1 - Trump,(Trump/Tinker) Enhancer,6 SP| 2 SP,N/A
Tier 1 - Trump,(Trump) Boosted,6 SP,N/A
Tier 1 - Trump,(Trump) Active Combat,6 SP,N/A
Tier 1 - Trump,(Trump) Spark,6 SP,N/A
Tier 1 - Trump,(Trump) Copycat,7 SP,N/A
Tier 1 - Trump,(Trump) Copy,7 SP,N/A
Tier 1 - Trump,(Trump/Shaker) Drain Battery,7 SP,N/A
Tier 1 - Trump,(Trump) Limit Break,7 SP,N/A
Tier 1 - Trump,"(Trump) ""Panacea""",7 SP,N/A
Tier 1 - Trump,(Trump) Warcry,7 SP,N/A
Tier 1 - Trump,(Trump) Redirection,7 SP,N/A
Tier 1 - Trump,(Trump/Changer) No Head?,7 SP,N/A
Tier 1 - Trump,(Trump) The Imaginary Trump,7 SP,N/A
Tier 1 - Trump,(Trump) Access Granted,7 SP,N/A
Tier 1 - Trump,(Trump) Reservoir Jack,7 SP,N/A
Tier 1 - Trump,(Trump) Relocate,8 SP,N/A
Tier 1 - Trump,(Trump/Shaker) Imbuement Plane,8 SP,N/A
Tier 1 - Trump,(Trump) Exonerate,8 SP,N/A
Tier 1 - Trump,(Trump/Shaker) Disperse,8 SP,N/A
Tier 1 - Trump,(Trump) Growth Booster,8 SP,N/A
Tier 1 - Trump,(Trump) Inversion,8 SP,N/A
Tier 1 - Trump,(Trump/Thinker) Empowerment Conduit,8 SP,N/A
Tier 1 - Trump,(Trump/Thinker) Endless Dream,8 SP,N/A
Tier 1 - Trump,(Trump) Consumables,8 SP,N/A
Tier 1 - Trump,(Trump/Tinker) Enchantment,9 SP| 3 SP,N/A
Tier 1 - Trump,(Trump) Just the Thing,9 SP,N/A
Tier 1 - Trump,(Trump/Master) Torch Bearer,9 SP,N/A
Tier 1 - Trump,(Trump) Bodycount,9 SP,N/A
Tier 1 - Trump,(Trump/Striker) Gatekeeper,9 SP,N/A
Tier 1 - Trump,(Trump) Future Figures,9 SP,N/A
Tier 1 - Trump,(Trump/Thinker) Tuning Field,9 SP,N/A
Tier 1 - Trump,(Trump) Quest,9 SP,N/A
Tier 1 - Trump,(Trump) Deck of Cards,9 SP,N/A
Tier 1 - Trump,(Trump) Human Resources,9 SP,N/A
Tier 1 - Trump,(Trump) Fluctuation,10 SP,N/A
Tier 1 - Trump,(Trump) Protective Barrier,10 SP,N/A
Tier 1 - Trump,(Trump/Striker) Power Proxy,10 SP,N/A
Tier 1 - Trump,(Trump) Power Absorption,10 SP,N/A
Tier 1 - Trump,(Trump) Immunity,10 SP,N/A
Tier 1 - Trump,(Trump) Wordsmith,10 SP,N/A
Tier 1 - Trump,(Trump) Cultivation,10 SP,N/A
Tier 1 - Trump,(Trump/Stranger) Power Confusion,10 SP,N/A
Tier 1 - Trump,(Trump) Sleep Empowered,10 SP,N/A
Tier 1 - Trump,(Trump/Brute) Injury Empowered,10 SP,N/A
Tier 1 - Trump,(Trump) Permanent Reminder,10 SP,N/A
Tier 1 - Trump,(Trump) Trophy Hunter,10 SP,N/A
Tier 1 - Trump,(Trump) Hyperfocused,10 SP,N/A
Tier 1 - Trump,(Trump) Daimon,10 SP,N/A
Tier 1 - Trump,(Trump) Third-Rate Tohu,10 SP,N/A
Tier 1 - Trump,(Trump) Bigger IS Better!,10 SP,N/A
Tier 1 - Trump,(Trump) Trump Card,10 SP,N/A
Tier 1 - Trump,(Trump/Striker) Krampus,11 SP,N/A
Tier 1 - Trump,(Trump/Striker) Supportive Copier,11 SP,N/A
Tier 1 - Trump,(Trump) Fighting makes me stronger!,12 SP,N/A
Tier 1 - Trump,(Trump) Santaclause,12 SP,N/A
Tier 1 - Trump,(Trump) Training Montage,12 SP,N/A
Tier 1 - Trump,(Trump) Soulmate,12 SP,N/A
Tier 1 - Trump,(Trump/Striker) X Type Trigger,12 SP,N/A
Tier 1 - Trump,(Trump/Thinker) Duellist,12 SP,N/A
Tier 1 - Trump,(Trump) Magik Adept,12 SP,N/A
Tier 1 - Trump,(Trump) Checkmate,12 SP,N/A
Tier 1 - Trump,(Trump/Master) Pseudo Cycle,12 SP,N/A
Tier 1 - Trump,(Trump) Hetairoi,12 SP,N/A
Tier 1 - Trump,(Trump) Counter Attack Specialist,13 SP,N/A
Tier 1 - Trump,(Trump) Blueprint,13 SP,N/A
Tier 1 - Trump,(Trump) Souls Leveling Maiden,13 SP,N/A
Tier 1 - Trump,(Trump) Trade!,14 SP,N/A
Tier 1 - Trump,(Trump/Thinker) Trigger Bomb,14 SP,N/A
Tier 1 - Trump,(Trump) Wheel of Fortune,15 SP,N/A
Tier 1 - Trump,(Trump) Queen of Escalation,15 SP,N/A
Tier 1 - Trump,(Trump) Network Hub,15 SP,N/A
Tier 1 - Trump,(Trump/Shaker) Don't mess with a white mage,15 SP,N/A
Tier 1 - Trump,(Trump) Idolize,15 SP,N/A
Tier 1 - Trump,(Trump) Power Seed,15 SP,N/A
Tier 1 - Trump,(Trump) Permanent Effect,15 SP,N/A
Tier 1 - Trump,(Trump) Some for One,15 SP,N/A
Tier 1 - Trump,(Trump/Brute) Looks Matter,15 SP,N/A
Tier 1 - Trump,(Trump) Variant Copier,15 SP,N/A
Tier 1 - Trump,(Trump/Brute) Selfish Love,15 SP,N/A
Tier 1 - Stranger,(Stranger) Off Record,1 SP,N/A
Tier 1 - Stranger,(Stranger) The Words Are Silent,1 SP,N/A
Tier 1 - Stranger,(Stranger/Shaker) Inviolable Shadows,1 SP,N/A
Tier 1 - Stranger,"(Stranger) Again, Sherlock?",2 SP,N/A
Tier 1 - Stranger,(Stranger/Thinker) Call,2 SP,N/A
Tier 1 - Stranger,(Stranger) Mime,2 SP,N/A
Tier 1 - Stranger,(Stranger) Corner Creep,2 SP,N/A
Tier 1 - Stranger,(Stranger) So Incredibly Still,2 SP,N/A
Tier 1 - Stranger,(Stranger) Two-Face,2 SP,N/A
Tier 1 - Stranger,(Stranger) You Are A Dragon And That's Okay,3 SP,N/A
Tier 1 - Stranger,(Stranger) Invisible Woman,3 SP,N/A
Tier 1 - Stranger,(Stranger/Master) Behind You!,3 SP,N/A
Tier 1 - Stranger,(Stranger/Master) Tip of my Tongue,3 SP,N/A
Tier 1 - Stranger,(Stranger) Wet Cat Energy,3 SP,N/A
Tier 1 - Stranger,(Stranger) Stealthy,4 SP,N/A
Tier 1 - Stranger,(Stranger/Striker) Trash,4 SP,N/A
Tier 1 - Stranger,(Stranger) Fake it Till You Make it,4 SP,N/A
Tier 1 - Stranger,(Stranger) Generated Perception,4 SP,N/A
Tier 1 - Stranger,(Stranger/Thinker) Contact Senses,4 SP,N/A
Tier 1 - Stranger,(Stranger) Pocket Dimension,5 SP,N/A
Tier 1 - Stranger,(Stranger) Déjà vu,5 SP,N/A
Tier 1 - Stranger,(Stranger) Average Joe,5 SP,N/A
Tier 1 - Stranger,(Stranger) Tech Shutdown,5 SP,N/A
Tier 1 - Stranger,(Stranger/Brute) Grave Face,5 SP,N/A
Tier 1 - Stranger,(Stranger) Dark Side of the Moon,5 SP,N/A
Tier 1 - Stranger,(Stranger) Missing The Trees,5 SP,N/A
Tier 1 - Stranger,(Stranger/Changer) Cute Charm,5 SP,N/A
Tier 1 - Stranger,(Stranger/Master) Abusive,5 SP,N/A
Tier 1 - Stranger,(Stranger) New Identity,6 SP,N/A
Tier 1 - Stranger,(Stranger/Brute) Ghost Equipment,6 SP,N/A
Tier 1 - Stranger,(Stranger) Cry Wolf,6 SP,N/A
Tier 1 - Stranger,(Stranger) Stranger Danger? No way? This guy? He's so nice though!,7 SP,N/A
Tier 1 - Stranger,(Stranger) Your Idol,7 SP,N/A
Tier 1 - Stranger,(Stranger) Magician,7 SP,N/A
Tier 1 - Stranger,(Stranger/Master) Schrodinger's Asshole,7 SP,N/A
Tier 1 - Stranger,(Stranger/Brute) Cursed Blood,7 SP,N/A
Tier 1 - Stranger,(Stranger) Hidden Cover,7 SP,N/A
Tier 1 - Stranger,(Stranger) Spooky,7 SP,N/A
Tier 1 - Stranger,(Stranger/Thinker) Taboo,7 SP,N/A
Tier 1 - Stranger,(Stranger) Skin's Blue,8 SP,N/A
Tier 1 - Stranger,(Stranger/Shaker) Turtle,8 SP,N/A
Tier 1 - Stranger,(Stranger/Master) Trend Setter,8 SP,N/A
Tier 1 - Stranger,(Stranger) My Source Is That I Made It The Fuck Up!,8 SP,N/A
Tier 1 - Stranger,(Stranger/Breaker) The Man in the Wall,8 SP,N/A
Tier 1 - Stranger,(Stranger/Trump) Evasive Manoeuvres,8 SP,N/A
Tier 1 - Stranger,(Stranger/Shaker) My Secret Life,8 SP,N/A
Tier 1 - Stranger,(Stranger/Breaker) Hitchhike,9 SP,N/A
Tier 1 - Stranger,(Stranger) Classified Information,9 SP,N/A
Tier 1 - Stranger,(Stranger/Thinker) Discount Genie,9 SP,N/A
Tier 1 - Stranger,(Stranger) Catch Me If You Can,10 SP,N/A
Tier 1 - Stranger,(Stranger) Unnoticeable,10 SP,N/A
Tier 1 - Stranger,(Stranger) Center of Attention,10 SP,N/A
Tier 1 - Stranger,(Stranger/Master) Harem Protagonist,10 SP,N/A
Tier 1 - Stranger,(Stranger/Master) Absolution,10 SP,N/A
Tier 1 - Stranger,(Stranger/Master) SEP,11 SP,N/A
Tier 1 - Stranger,(Stranger) Boring,12 SP,N/A
Tier 1 - Stranger,(Stranger) Imposter Sus,12 SP,N/A
Tier 1 - Stranger,(Stranger) Truth,13 SP,N/A
Tier 1 - Stranger,(Stranger) Bluff,14 SP,N/A
Tier 1 - Stranger,(Stranger/Shaker) Sensorium,15 SP,N/A
Tier 1 - Stranger,(Stranger/Master) Eyes On Me,15 SP,N/A
Tier 1 - Stranger,(Stranger/Shaker) Simulated Delusion,15 SP,N/A
"Power Copy (Mover, Shaker, Brute)",Power Copy Mover,,Required: g51j
"Power Copy (Mover, Shaker, Brute)",(Mover/Thinker) Axehead,2 SP,N/A
"Power Copy (Mover, Shaker, Brute)",(Mover) Dovetail,2 SP,N/A
"Power Copy (Mover, Shaker, Brute)",(Mover/Thinker) Foxtrot,2 SP,N/A
"Power Copy (Mover, Shaker, Brute)",(Mover) Getaway,2 SP,N/A
"Power Copy (Mover, Shaker, Brute)",(Mover/Shaker) Pouffe,2 SP,N/A
"Power Copy (Mover, Shaker, Brute)",(Mover/Shaker) Scroll,2 SP,N/A
"Power Copy (Mover, Shaker, Brute)",(Mover) Secondhand,2 SP,N/A
"Power Copy (Mover, Shaker, Brute)",(Mover/Shaker) Virago,2 SP,N/A
"Power Copy (Mover, Shaker, Brute)",(Mover/Breaker) Battery,3 SP,N/A
"Power Copy (Mover, Shaker, Brute)",(Mover) Flapper,3 SP,N/A
"Power Copy (Mover, Shaker, Brute)",(Mover) Longscratch,3 SP,N/A
"Power Copy (Mover, Shaker, Brute)",(Mover/Shaker) Tailgate,3 SP,N/A
"Power Copy (Mover, Shaker, Brute)",(Mover) Trickster,3 SP,N/A
"Power Copy (Mover, Shaker, Brute)",(Mover) Whippersnap,3 SP,N/A
"Power Copy (Mover, Shaker, Brute)",(Mover) Abhorror (Teleporter),4 SP,N/A
"Power Copy (Mover, Shaker, Brute)",(Mover) Mouse Protector,4 SP,N/A
"Power Copy (Mover, Shaker, Brute)",(Mover) Shortcut,4 SP,N/A
"Power Copy (Mover, Shaker, Brute)",(Mover) Albatros,5 SP,N/A
"Power Copy (Mover, Shaker, Brute)",(Mover/Shaker) Grandiose,5 SP,N/A
"Power Copy (Mover, Shaker, Brute)",(Mover/Thinker) Relay,5 SP,N/A
"Power Copy (Mover, Shaker, Brute)",(Mover) Velocity,5 SP,N/A
"Power Copy (Mover, Shaker, Brute)",(Mover) Bambina,6 SP,N/A
"Power Copy (Mover, Shaker, Brute)",(Mover/Striker) Foulcock,6 SP,N/A
"Power Copy (Mover, Shaker, Brute)",(Mover/Blaster) Rime,6 SP,N/A
"Power Copy (Mover, Shaker, Brute)",(Mover) Kirin White,8 SP,N/A
"Power Copy (Mover, Shaker, Brute)",(Mover/Tinker) Snag,8 SP| 3 SP,N/A
"Power Copy (Mover, Shaker, Brute)",(Mover/Thinker) Watch,8 SP,N/A
"Power Copy (Mover, Shaker, Brute)",(Mover/Shaker) Myrddin,9 SP,N/A
"Power Copy (Mover, Shaker, Brute)",(Mover/Striker) Black Kaze,10 SP,N/A
"Power Copy (Mover, Shaker, Brute)",(Mover) Strider,12 SP,N/A
"Power Copy (Mover, Shaker, Brute)",Power Copy Shaker,,Required: g51j
"Power Copy (Mover, Shaker, Brute)",(Shaker) Rune,1 SP,N/A
"Power Copy (Mover, Shaker, Brute)",(Shaker) Crested,2 SP,N/A
"Power Copy (Mover, Shaker, Brute)",(Shaker) Cricket,2 SP,N/A
"Power Copy (Mover, Shaker, Brute)",(Shaker) Fathom,2 SP,N/A
"Power Copy (Mover, Shaker, Brute)",(Shaker) Final Hour,2 SP,N/A
"Power Copy (Mover, Shaker, Brute)",(Shaker/Mover) King of Cups,2 SP,N/A
"Power Copy (Mover, Shaker, Brute)",(Shaker/Brute) Califa de Perro,3 SP,N/A
"Power Copy (Mover, Shaker, Brute)",(Shaker/Mover) Chronicler,3 SP,N/A
"Power Copy (Mover, Shaker, Brute)",(Shaker) Cozen,3 SP,N/A
"Power Copy (Mover, Shaker, Brute)",(Shaker/Thinker) Dredge,3 SP,N/A
"Power Copy (Mover, Shaker, Brute)",(Shaker) End of Days,3 SP,N/A
"Power Copy (Mover, Shaker, Brute)",(Shaker) Gong,3 SP,N/A
"Power Copy (Mover, Shaker, Brute)",(Shaker) Grue,3 SP,N/A
"Power Copy (Mover, Shaker, Brute)",(Shaker) Kazikli Bey,3 SP,N/A
"Power Copy (Mover, Shaker, Brute)",(Shaker) Licit,3 SP,N/A
"Power Copy (Mover, Shaker, Brute)",(Shaker) Lizardtail II,3 SP,N/A
"Power Copy (Mover, Shaker, Brute)",(Shaker) Naphtha,3 SP,N/A
"Power Copy (Mover, Shaker, Brute)",(Shaker) Parian,3 SP,N/A
"Power Copy (Mover, Shaker, Brute)",(Shaker) Perdition,3 SP,N/A
"Power Copy (Mover, Shaker, Brute)",(Shaker/Brute) Prong (Mercenary),3 SP,N/A
"Power Copy (Mover, Shaker, Brute)",(Shaker/Blaster) Shielder,3 SP,N/A
"Power Copy (Mover, Shaker, Brute)",(Shaker) Softball,3 SP,N/A
"Power Copy (Mover, Shaker, Brute)",(Shaker) Tomcat,3 SP,N/A
"Power Copy (Mover, Shaker, Brute)",(Shaker) Velvet,3 SP,N/A
"Power Copy (Mover, Shaker, Brute)",(Shaker) Vince Crowley,3 SP,N/A
"Power Copy (Mover, Shaker, Brute)",(Shaker) Anomaly,4 SP,N/A
"Power Copy (Mover, Shaker, Brute)",(Shaker/Mover) Balk,4 SP,N/A
"Power Copy (Mover, Shaker, Brute)",(Shaker) Bastion,4 SP,N/A
"Power Copy (Mover, Shaker, Brute)",(Shaker) Cadence,4 SP,N/A
"Power Copy (Mover, Shaker, Brute)",(Shaker/Striker) Carnie,4 SP,N/A
"Power Copy (Mover, Shaker, Brute)",(Shaker/Master) Crosswise,4 SP,N/A
"Power Copy (Mover, Shaker, Brute)",(Shaker) Fleur,4 SP,N/A
"Power Copy (Mover, Shaker, Brute)",(Shaker/Trump) Grue (Second Trigger),4 SP,N/A
"Power Copy (Mover, Shaker, Brute)",(Shaker/Thinker) Moonsong,4 SP,N/A
"Power Copy (Mover, Shaker, Brute)",(Shaker/Master) Pearl,4 SP,N/A
"Power Copy (Mover, Shaker, Brute)",(Shaker) Rosary,4 SP,N/A
"Power Copy (Mover, Shaker, Brute)",(Shaker) Scape (2D),4 SP,N/A
"Power Copy (Mover, Shaker, Brute)",(Shaker) Scape (Weakener),4 SP,N/A
"Power Copy (Mover, Shaker, Brute)",(Shaker) Skidmark,4 SP,N/A
"Power Copy (Mover, Shaker, Brute)",(Shaker) Speaker of the House,4 SP,N/A
"Power Copy (Mover, Shaker, Brute)",(Shaker) Trial,4 SP,N/A
"Power Copy (Mover, Shaker, Brute)",(Shaker) Triumph,4 SP,N/A
"Power Copy (Mover, Shaker, Brute)",(Shaker) Whirlygig,4 SP,N/A
"Power Copy (Mover, Shaker, Brute)",(Shaker/Blaster) Eligos,5 SP,N/A
"Power Copy (Mover, Shaker, Brute)",(Shaker) King of Cups (Second Trigger),5 SP,N/A
"Power Copy (Mover, Shaker, Brute)",(Shaker) Scape (Sculpter),5 SP,N/A
"Power Copy (Mover, Shaker, Brute)",(Shaker) Stormtiger,5 SP,N/A
"Power Copy (Mover, Shaker, Brute)",(Shaker) Tempera,5 SP,N/A
"Power Copy (Mover, Shaker, Brute)",(Shaker) Vex,5 SP,N/A
"Power Copy (Mover, Shaker, Brute)",(Shaker) Barker,6 SP,N/A
"Power Copy (Mover, Shaker, Brute)",(Shaker/Mover) Burnscar,6 SP,N/A
"Power Copy (Mover, Shaker, Brute)",(Shaker/Tinker) Clay,6 SP| 2 SP,N/A
"Power Copy (Mover, Shaker, Brute)",(Shaker) Crucible,6 SP,N/A
"Power Copy (Mover, Shaker, Brute)",(Shaker) Iron Rain,6 SP,N/A
"Power Copy (Mover, Shaker, Brute)",(Shaker) Kaiser,6 SP,N/A
"Power Copy (Mover, Shaker, Brute)",(Shaker) Sanguine,6 SP,N/A
"Power Copy (Mover, Shaker, Brute)",(Shaker/Thinker) Shamrock,6 SP,N/A
"Power Copy (Mover, Shaker, Brute)",(Shaker) Sifara,6 SP,N/A
"Power Copy (Mover, Shaker, Brute)",(Shaker) Snaptrap,6 SP,N/A
"Power Copy (Mover, Shaker, Brute)",(Shaker) Snuff,6 SP,N/A
"Power Copy (Mover, Shaker, Brute)",(Shaker) Adamant,7 SP,N/A
"Power Copy (Mover, Shaker, Brute)",(Shaker) Auroch,7 SP,N/A
"Power Copy (Mover, Shaker, Brute)",(Shaker/Thinker) Gully,7 SP,N/A
"Power Copy (Mover, Shaker, Brute)",(Shaker) Krieg,7 SP,N/A
"Power Copy (Mover, Shaker, Brute)",(Shaker) Shuffle,7 SP,N/A
"Power Copy (Mover, Shaker, Brute)",(Shaker) Subject 3016,7 SP,N/A
"Power Copy (Mover, Shaker, Brute)",(Shaker) Agnes Court,8 SP,N/A
"Power Copy (Mover, Shaker, Brute)",(Shaker) Cache,8 SP,N/A
"Power Copy (Mover, Shaker, Brute)",(Shaker) Capricorn,8 SP,Required: Character-Insert; Required: Twin; Required: Face Thyself
"Power Copy (Mover, Shaker, Brute)",(Shaker) Empusa,8 SP,N/A
"Power Copy (Mover, Shaker, Brute)",(Shaker) Gibbet,8 SP,N/A
"Power Copy (Mover, Shaker, Brute)",(Shaker) Narwhal,8 SP,N/A
"Power Copy (Mover, Shaker, Brute)",(Shaker) Shatterbird,8 SP,N/A
"Power Copy (Mover, Shaker, Brute)",(Shaker/Breaker) Cinereal,9 SP,N/A
"Power Copy (Mover, Shaker, Brute)",(Shaker) Exalt,9 SP,N/A
"Power Copy (Mover, Shaker, Brute)",(Shaker) Hunter,9 SP,N/A
"Power Copy (Mover, Shaker, Brute)",(Shaker) Scape (Corkscrew),9 SP,N/A
"Power Copy (Mover, Shaker, Brute)",(Shaker/Stranger) Screamer,9 SP,N/A
"Power Copy (Mover, Shaker, Brute)",(Shaker) Sundancer,9 SP,N/A
"Power Copy (Mover, Shaker, Brute)",(Shaker) Cretan,10 SP,N/A
"Power Copy (Mover, Shaker, Brute)",(Shaker/Blaster) Damsel of Distress,10 SP,N/A
"Power Copy (Mover, Shaker, Brute)",(Shaker) MYOSHA,10 SP,N/A
"Power Copy (Mover, Shaker, Brute)",(Shaker/Tinker) Ogun,10 SP| 4 SP,N/A
"Power Copy (Mover, Shaker, Brute)",(Shaker) Vista,10 SP,N/A
"Power Copy (Mover, Shaker, Brute)",(Shaker) Winter,10 SP,N/A
"Power Copy (Mover, Shaker, Brute)",(Shaker) Dispatch,11 SP,N/A
"Power Copy (Mover, Shaker, Brute)",(Shaker) Nursery,11 SP,N/A
"Power Copy (Mover, Shaker, Brute)",(Shaker) Semiramis,11 SP,N/A
"Power Copy (Mover, Shaker, Brute)",(Shaker/Mover) Topsy,12 SP,N/A
"Power Copy (Mover, Shaker, Brute)",(Shaker/Master) Jed Tylor,12 SP,N/A
"Power Copy (Mover, Shaker, Brute)",(Shaker) Labyrinth,12 SP,N/A
"Power Copy (Mover, Shaker, Brute)",(Shaker) Scaffold,12 SP,N/A
"Power Copy (Mover, Shaker, Brute)",(Shaker) Tōng Líng Tǎ,13 SP,N/A
"Power Copy (Mover, Shaker, Brute)",(Shaker) Grey Boy,15 SP,N/A
"Power Copy (Mover, Shaker, Brute)",Power Copy Brute,,Required: g51j
"Power Copy (Mover, Shaker, Brute)",(Brute) Nemean,2 SP,N/A
"Power Copy (Mover, Shaker, Brute)",(Brute/Mover) Glory Girl,3 SP,N/A
"Power Copy (Mover, Shaker, Brute)",(Brute) Cuff,3 SP,N/A
"Power Copy (Mover, Shaker, Brute)",(Brute) Aegis,4 SP,N/A
"Power Copy (Mover, Shaker, Brute)",(Brute/Mover) Antares,4 SP,N/A
"Power Copy (Mover, Shaker, Brute)",(Brute) Bijou,4 SP,N/A
"Power Copy (Mover, Shaker, Brute)",(Brute) Burned Man,4 SP,N/A
"Power Copy (Mover, Shaker, Brute)",(Brute) Crimson,4 SP,N/A
"Power Copy (Mover, Shaker, Brute)",(Brute) Chubster,5 SP,N/A
"Power Copy (Mover, Shaker, Brute)",(Brute) Sveta (Orchard),5 SP,N/A
"Power Copy (Mover, Shaker, Brute)",(Brute/Shaker) Oxfair,5 SP,N/A
"Power Copy (Mover, Shaker, Brute)",(Brute) Gwerrus,5 SP,N/A
"Power Copy (Mover, Shaker, Brute)",(Brute) Stonewall,5 SP,N/A
"Power Copy (Mover, Shaker, Brute)",(Brute/Mover) Chuckles,6 SP,N/A
"Power Copy (Mover, Shaker, Brute)",(Brute/Breaker) Manpower,6 SP,N/A
"Power Copy (Mover, Shaker, Brute)",(Brute) The Flower of the Hecatomb,6 SP,N/A
"Power Copy (Mover, Shaker, Brute)",(Brute) Vantage,7 SP,N/A
"Power Copy (Mover, Shaker, Brute)",(Brute/Breaker) Fenja/Menja,8 SP,N/A
"Power Copy (Mover, Shaker, Brute)",(Brute) Lung,9 SP,N/A
"Power Copy (Mover, Shaker, Brute)",(Brute) Gavel,10 SP,N/A
"Power Copy (Mover, Shaker, Brute)",(Brute/Striker) Torso,10 SP,N/A
"Power Copy (Mover, Shaker, Brute)",(Brute/Shaker) Moose,13 SP,N/A
"Power Copy (Mover, Shaker, Brute)",(Brute/Mover) Tritium,13 SP,N/A
"Power Copy (Mover, Shaker, Brute)",(Brute) Crawler,15 SP,N/A
Tier 3 Powers,(Trump) Manager,30 SP,N/A
Tier 3 Powers,(Trump) Oberon,25 SP,N/A
Tier 3 Powers,(Trump) Prototype,40 SP,N/A
Tier 3 Powers,(Blaster/Striker) Sting,25 SP,N/A
Tier 3 Powers,(Brute) Avalon,30 SP,N/A
Tier 3 Powers,(Shaker) It Gets Worse,40 SP,N/A
Tier 3 Powers,(Breaker) And the Void Stares Back,35 SP,N/A
Tier 3 Powers,(Tinker) Revolution,30 SP,N/A
Tier 3 Powers,(Thinker) Vision,35 SP,N/A
Tier 3 Powers,(Thinker) Neural Network,35 SP,N/A
Tier 3 Powers,(Breaker/Trump) Self-Rewrite,40 SP,N/A
Tier 3 Powers,(Trump/Tinker) Shards,40 SP,N/A
Tier 3 Powers,(Shaker/Blaster) Stilling,40 SP,N/A
Tier 3 Powers,(Shaker/Blaster) Fractal of Entropic Decay,35 SP,N/A
Tier 3 Powers,(Shaker) The Ultimate Question,40 SP,N/A
Tier 3 Powers,(Breaker/Shaker) Embodiment of the Supernova,35 SP,N/A
Tier 3 Powers,(Shaker/Changer) Cocytus,35 SP,N/A
Tier 3 Powers,(Master/Trump) The Friend Bringer,40 SP,N/A
Tier 3 Powers,(Stranger/Master) Observer,25 SP,N/A
Tier 3 Powers,(Shaker/Thinker) Ouranos,35 SP,N/A
Tier 3 Powers,(Master/Trump) Gestation,35 SP,N/A
Tier 3 Powers,(Mover/Breaker) Time Out!,35 SP,N/A
Tier 3 Powers,(Thinker/Trump) Sylar,40 SP,N/A
Tier 3 Powers,(Brute) Immovable Object,25 SP,N/A
Tier 3 Powers,(Brute) Unstoppable Force,25 SP,N/A
Tier 3 Powers,(Breaker/Trump) Golden Form,30 SP,N/A
Tier 3 Powers,(Shaker) Same Day Delivery!,25 SP,N/A
Tier 3 Powers,(Stranger/Master) Self-Inserting for Days,40 SP,N/A
Tier 3 Powers,(Breaker/Shaker) Hellfire,40 SP,N/A
Tier 3 Powers,(Brute/Shaker) Seed of Yggdrasil,40 SP,N/A
Tier 3 Powers,(Trump) Shard Supply Store,40 SP,N/A
Tier 3 Powers,(Shaker/Thinker) Be the Butterfly effect!,30 SP,N/A
Tier 3 Powers,(Breaker/Shaker) Reality Sculptor,40 SP,N/A
Tier 3 Powers,(Thinker) Path to Victory,40 SP,N/A
Tier 3 Powers,(Tinker) Clarketech,35 SP,N/A
Tier 3 Powers,(Shaker/Breaker) Sleeper,35 SP,N/A
Tier 3 Powers,(Breaker/Changer) Ash Beast,35 SP,N/A
Tier 3 Powers,(Thinker/Master) Burning Bridges,30 SP,N/A
Tier 3 Powers,(Trump/Master) Chrysalis,25 SP,N/A
Tier 3 Powers,(Changer/Striker) Echidna,35 SP,N/A
Tier 3 Powers,(Stranger) Shroud,30 SP,N/A
Tier 3 Powers,(Trump) Rival,40 SP,N/A
Tier 3 Powers,(Trump) Jailbreak,40 SP,N/A
Tier 3 Powers,(Mover/Shaker) Nexus,40 SP,N/A
Tier 3 Powers,(Thinker/Trump) Hitchhiker’s Guide to the Firmament,40 SP,N/A
Tier 3 Powers,(Master/Trump) Endbringer Engine,40 SP,N/A
Tier 3 Powers,(Changer/Trump) Intra,40 SP,N/A
Tier 3 Powers,(Breaker/Trump) Miraculous,25 SP,N/A
Tier 3 Powers,(Stranger/Breaker) Informatio,40 SP,N/A
Tier 3 Powers,(Shaker/Thinker) Cheat Shard Engine,25 SP,N/A
Tier 3 Powers,(Master/Trump) Drawing Board,30 SP| 10 SP,N/A
Tier 3 Powers,(Mover/Shaker) Displacement,30 SP,N/A
Tier 3 Powers,(Trump) Another,25 SP,N/A
Tier 3 Powers,(Shaker) Providence,25 SP,N/A
Tier 3 Powers,(Trump/Stranger) Persona,25 SP,N/A
Tier 3 Powers,(Thinker/Changer) Storyboard,40 SP,N/A
Tier 3 Powers,(Brute/Breaker) Undying,30 SP,N/A
Tier 3 Powers,(Breaker/Blaster) Biological Dynamo,40 SP,N/A
Tier 3 Powers,(Shaker/Trump) World Builder,40 SP,N/A
Tier 3 Powers,"(Mover) Run Barry, Run",30 SP,N/A
Tier 3 Powers,(Master/Trump) Sovereign,40 SP,N/A
Tier 3 Powers,(Blaster/Trump) Interdiction,25 SP,N/A
Tier 3 Powers,(Tinker) Heavenly Principles,25 SP,N/A
Tier 3 Powers,(Trump) Heresiarch,40 SP,N/A
Tier 3 Powers,(Tinker/Thinker) Tinker to Victory,25 SP,N/A
Tier 3 Powers,(Blaster/Trump) Disco Ball,25 SP,N/A
Tier 3 Powers,(Breaker/Trump) Herald of the End,30 SP,N/A
Tier 3 Powers,(Blaster/Shaker) Buster,30 SP,N/A
Tier 3 Powers,(Trump) Iconoclast,35 SP,N/A
Tier 3 Powers,(Trump/Brute) Resurrective Trigger,30 SP,N/A
Tier 3 Powers,(Stranger/Master) Masquerade,25 SP,N/A
Shard Upgrades & Fusions,Tier 0 Upgrades,,N/A
Shard Upgrades & Fusions,Tier 1 Upgrades,,N/A
Shard Upgrades & Fusions,Tier 2 Upgrades,,N/A
Shard Upgrades & Fusions,Tier 3 Upgrades,,N/A
Shard Upgrades & Fusions,Power Copy Upgrades,,N/A
Shard Upgrades & Fusions,Lucky Mutation Upgrades,,Required: Case 53; Required: (Changer) Headcase(53)
Shard Upgrades & Fusions,Universal Upgrades,,N/A
Shard Upgrades & Fusions,Shard Fusions,,N/A
Shard Upgrades & Fusions,Shard Powers Options,,Required: g51j
Shard Upgrades & Fusions,(Master) Custom Endbringer,,Required: (Master) Bringer of the End
Shard Upgrades & Fusions,(Changer) Custom Endbringer,,Required: (Changer) The End-Becomer
Shard Upgrades & Fusions,Doll Powers,,Required: (Master/Trump) Doll Master; Incompatible: Doll General
(Entity) Shard Clusters,Administration,,N/A
(Entity) Shard Clusters,Hierarchical Command,1 | 5 SP,N/A
(Entity) Shard Clusters,Distributed Consensus,1 | 5 SP,N/A
(Entity) Shard Clusters,Specialisation Routing,1 | 5 SP,N/A
(Entity) Shard Clusters,Redundant Array,1 | 5 SP,N/A
(Entity) Shard Clusters,Adaptive Topology,1 | 5 SP,N/A
(Entity) Shard Clusters,[THE NEXUS],5 ,Required: Hierarchical Command; Required: Distributed Consensus; Required: Specialisation Routing; Required: Redundant Array; Required: Adaptive Topology
(Entity) Shard Clusters,Feeder,,N/A
(Entity) Shard Clusters,Dimensional Tap,1 | 5 SP,N/A
(Entity) Shard Clusters,Singularity Engine,1 | 5 SP,N/A
(Entity) Shard Clusters,Quantum Vacuum Extraction,1 | 5 SP,N/A
(Entity) Shard Clusters,Entropy Reversal,1 | 5 SP,N/A
(Entity) Shard Clusters,Dark Matter Siphon,1 | 5 SP,N/A
(Entity) Shard Clusters,[THE ENGINE],5 ,Required: Dimensional Tap; Required: Singularity Engine; Required: Quantum Vacuum Extraction; Required: Entropy Reversal; Required: Dark Matter Siphon
(Entity) Shard Clusters,Breach,,N/A
(Entity) Shard Clusters,Lockbreaker,1 | 5 SP,N/A
(Entity) Shard Clusters,Hostile Environment Entry,1 | 5 SP,N/A
(Entity) Shard Clusters,Silent Breach,1 | 5 SP,N/A
(Entity) Shard Clusters,Anchor Breach,1 | 5 SP,N/A
(Entity) Shard Clusters,Emergency Egress,1 | 5 SP,N/A
(Entity) Shard Clusters,[THE TRAVELLER],5 ,Required: Lockbreaker; Required: Hostile Environment Entry; Required: Silent Breach; Required: Anchor Breach; Required: Emergency Egress
(Entity) Shard Clusters,Panopticon,,N/A
(Entity) Shard Clusters,Deep Scan,1 | 5 SP,N/A
(Entity) Shard Clusters,Wide Net,1 | 5 SP,N/A
(Entity) Shard Clusters,Passive Observation,1 | 5 SP,N/A
(Entity) Shard Clusters,Dimensional Overwatch,1 | 5 SP,N/A
(Entity) Shard Clusters,Microscopic Penetration,1 | 5 SP,N/A
(Entity) Shard Clusters,[THE THINKER],5 ,Required: Deep Scan; Required: Wide Net; Required: Passive Observation; Required: Dimensional Overwatch; Required: Microscopic Penetration
(Entity) Shard Clusters,Broadcast,,N/A
(Entity) Shard Clusters,Quantum Entanglement Relay,1 | 5 SP,N/A
(Entity) Shard Clusters,Dimensional Broadcast,1 | 5 SP,N/A
(Entity) Shard Clusters,Encrypted Shard Speak,1 | 5 SP,N/A
(Entity) Shard Clusters,Compression Protocol,1 | 5 SP,N/A
(Entity) Shard Clusters,Parallel Channels,1 | 5 SP,N/A
(Entity) Shard Clusters,[THE SPEAKER],5 ,Required: Quantum Entanglement Relay; Required: Dimensional Broadcast; Required: Encrypted Shard Speak; Required: Compression Protocol; Required: Parallel Channels
(Entity) Shard Clusters,Cloak,,N/A
(Entity) Shard Clusters,Dimensional Masking,1 | 5 SP,N/A
(Entity) Shard Clusters,Sensor Ghost,1 | 5 SP,N/A
(Entity) Shard Clusters,Signal Absorption,1 | 5 SP,N/A
(Entity) Shard Clusters,False Signature Projection,1 | 5 SP,N/A
(Entity) Shard Clusters,Memory Suppression,1 | 5 SP,N/A
(Entity) Shard Clusters,[THE HUNTER],5 ,Required: Dimensional Masking; Required: Sensor Ghost; Required: Signal Absorption; Required: False Signature Projection; Required: Memory Suppression
(Entity) Shard Clusters,Manager,,N/A
(Entity) Shard Clusters,Trigger Optimisation,1 | 5 SP,N/A
(Entity) Shard Clusters,Power Calibration,1 | 5 SP,N/A
(Entity) Shard Clusters,Budding Management,1 | 5 SP,N/A
(Entity) Shard Clusters,Multi-Host Connectivity,1 | 5 SP,N/A
(Entity) Shard Clusters,Host Monitoring,1 | 5 SP,N/A
(Entity) Shard Clusters,[THE ARCHITECT],5 ,Required: Trigger Optimisation; Required: Power Calibration; Required: Budding Management; Required: Multi-Host Connectivity; Required: Host Monitoring
(Entity) Shard Clusters,Repair,,N/A
(Entity) Shard Clusters,Rapid Regeneration,1 | 5 SP,N/A
(Entity) Shard Clusters,Error Correction,1 | 5 SP,N/A
(Entity) Shard Clusters,Distributed Redundancy,1 | 5 SP,N/A
(Entity) Shard Clusters,Scar Tissue Adaptation,1 | 5 SP,N/A
(Entity) Shard Clusters,Core Isolation Protocol,1 | 5 SP,N/A
(Entity) Shard Clusters,[THE SURVIVOR],5 ,Required: Rapid Regeneration; Required: Error Correction; Required: Distributed Redundancy; Required: Scar Tissue Adaptation; Required: Core Isolation Protocol
(Entity) Shard Clusters,Hindsight,,N/A
(Entity) Shard Clusters,Temporal Echo Analysis,1 | 5 SP,N/A
(Entity) Shard Clusters,Dead World Forensics,1 | 5 SP,N/A
(Entity) Shard Clusters,Genetic Memory Extraction,1 | 5 SP,N/A
(Entity) Shard Clusters,Dimensional Archaeology,1 | 5 SP,N/A
(Entity) Shard Clusters,Unbroken Record,1 | 5 SP,N/A
(Entity) Shard Clusters,[THE HISTORIAN],5 ,Required: Temporal Echo Analysis; Required: Dead World Forensics; Required: Genetic Memory Extraction; Required: Dimensional Archaeology; Required: Unbroken Record
(Entity) Shard Clusters,Analysis,,N/A
(Entity) Shard Clusters,Pattern Recognition,1 | 5 SP,N/A
(Entity) Shard Clusters,Predictive Modelling,1 | 5 SP,N/A
(Entity) Shard Clusters,Data Compression,1 | 5 SP,N/A
(Entity) Shard Clusters,Cross-Referencing Engine,1 | 5 SP,N/A
(Entity) Shard Clusters,Anomaly Detection,1 | 5 SP,N/A
(Entity) Shard Clusters,[THE WISE],5 ,Required: Pattern Recognition; Required: Predictive Modelling; Required: Data Compression; Required: Cross-Referencing Engine; Required: Anomaly Detection
(Entity) Shard Clusters,Factory,,N/A
(Entity) Shard Clusters,Mass Production,1 | 5 SP,N/A
(Entity) Shard Clusters,Template Refinement,1 | 5 SP,N/A
(Entity) Shard Clusters,Data-Driven Genesis,1 | 5 SP,N/A
(Entity) Shard Clusters,Shard Forging,1 | 5 SP,N/A
(Entity) Shard Clusters,Legacy Integration,1 | 5 SP,N/A
(Entity) Shard Clusters,[THE BUILDER],5 ,Required: Mass Production; Required: Template Refinement; Required: Data-Driven Genesis; Required: Shard Forging; Required: Legacy Integration
(Entity) Shard Clusters,Prototype,,N/A
(Entity) Shard Clusters,Simulated Stress Testing,1 | 5 SP,N/A
(Entity) Shard Clusters,Rapid Iteration,1 | 5 SP,N/A
(Entity) Shard Clusters,Blind Exploration,1 | 5 SP,N/A
(Entity) Shard Clusters,Cross-Disciplinary Synthesis,1 | 5 SP,N/A
(Entity) Shard Clusters,Forbidden Testing,1 | 5 SP,N/A
(Entity) Shard Clusters,[THE INNOVATOR],5 ,Required: Simulated Stress Testing; Required: Rapid Iteration; Required: Blind Exploration; Required: Cross-Disciplinary Synthesis; Required: Forbidden Testing
(Entity) Shard Clusters,Technology,,N/A
(Entity) Shard Clusters,Predictive Technology,1 | 5 SP,N/A
(Entity) Shard Clusters,Breadth of Acquisition,1 | 5 SP,N/A
(Entity) Shard Clusters,Dead World Extraction,1 | 5 SP,N/A
(Entity) Shard Clusters,Type V Fragments,1 | 5 SP,N/A
(Entity) Shard Clusters,Living Archive,1 | 5 SP,N/A
(Entity) Shard Clusters,[THE INVENTOR],5 ,Required: Predictive Technology; Required: Breadth of Acquisition; Required: Dead World Extraction; Required: Type V Fragments; Required: Living Archive
(Entity) Shard Clusters,Armament,,N/A
(Entity) Shard Clusters,Self-Propagating Attack,1 | 5 SP,N/A
(Entity) Shard Clusters,Weakness Targeting,1 | 5 SP,N/A
(Entity) Shard Clusters,Area Denial Payload,1 | 5 SP,N/A
(Entity) Shard Clusters,Homing Swarm,1 | 5 SP,N/A
(Entity) Shard Clusters,Intergalactic Reach,1 | 5 SP,N/A
(Entity) Shard Clusters,[THE WARRIOR],5 ,Required: Self-Propagating Attack; Required: Weakness Targeting; Required: Area Denial Payload; Required: Homing Swarm; Required: Intergalactic Reach
(Entity) Shard Clusters,Protection,,N/A
(Entity) Shard Clusters,Dimensional Phasing,1 | 5 SP,N/A
(Entity) Shard Clusters,Anti-Lock System,1 | 5 SP,N/A
(Entity) Shard Clusters,Energy Redirection Matrix,1 | 5 SP,N/A
(Entity) Shard Clusters,Evasive Manoeuvres,1 | 5 SP,N/A
(Entity) Shard Clusters,Sacrificial Shielding,1 | 5 SP,N/A
(Entity) Shard Clusters,[THE GUARDIAN],5 ,Required: Dimensional Phasing; Required: Anti-Lock System; Required: Energy Redirection Matrix; Required: Evasive Manoeuvres; Required: Sacrificial Shielding
(Entity) Shard Clusters,Slip,,N/A
(Entity) Shard Clusters,Gravitational Wake Cancellation,1 | 5 SP,N/A
(Entity) Shard Clusters,Dimensional Slipstream,1 | 5 SP,N/A
(Entity) Shard Clusters,Trajectory Masking,1 | 5 SP,N/A
(Entity) Shard Clusters,Inertial Drift,1 | 5 SP,N/A
(Entity) Shard Clusters,Silent Transition,1 | 5 SP,N/A
(Entity) Shard Clusters,[THE WANDERER],5 ,Required: Gravitational Wake Cancellation; Required: Dimensional Slipstream; Required: Trajectory Masking; Required: Inertial Drift; Required: Silent Transition
(Entity) Shard Clusters,Security,,N/A
(Entity) Shard Clusters,Intrusion Detection,1 | 5 SP,N/A
(Entity) Shard Clusters,Firewall Enforcement,1 | 5 SP,N/A
(Entity) Shard Clusters,Behavioural Analysis,1 | 5 SP,N/A
(Entity) Shard Clusters,Anti-Virus Countermeasures,1 | 5 SP,N/A
(Entity) Shard Clusters,Shard Loyalty Enforcement,1 | 5 SP,N/A
(Entity) Shard Clusters,[THE WARDEN],5 ,Required: Intrusion Detection; Required: Firewall Enforcement; Required: Behavioural Analysis; Required: Anti-Virus Countermeasures; Required: Shard Loyalty Enforcement
(Entity) Shard Clusters,Shaper,,N/A
(Entity) Shard Clusters,Rapid Biogenesis,1 | 5 SP,N/A
(Entity) Shard Clusters,Host Species Modification,1 | 5 SP,N/A
(Entity) Shard Clusters,Beneficial Evolution Harvest,1 | 5 SP,N/A
(Entity) Shard Clusters,Exotic Biology,1 | 5 SP,N/A
(Entity) Shard Clusters,Species Archive,1 | 5 SP,N/A
(Entity) Shard Clusters,[THE SCULPTOR],5 ,Required: Rapid Biogenesis; Required: Host Species Modification; Required: Beneficial Evolution Harvest; Required: Exotic Biology; Required: Species Archive
(Entity) Shard Clusters,Timekeeper,,N/A
(Entity) Shard Clusters,Temporal Acceleration,1 | 5 SP,N/A
(Entity) Shard Clusters,Temporal Deceleration,1 | 5 SP,N/A
(Entity) Shard Clusters,Temporal Looping,1 | 5 SP,N/A
(Entity) Shard Clusters,Paradox Insulation,1 | 5 SP,N/A
(Entity) Shard Clusters,Temporal Efficiency,1 | 5 SP,N/A
(Entity) Shard Clusters,[THE TEMPORAL],5 ,Required: Temporal Acceleration; Required: Temporal Deceleration; Required: Temporal Looping; Required: Paradox Insulation; Required: Temporal Efficiency
(Entity) Shard Clusters,Virus,,N/A
(Entity) Shard Clusters,Shard Hijacking,1 | 5 SP,N/A
(Entity) Shard Clusters,Data Corruption,1 | 5 SP,N/A
(Entity) Shard Clusters,Loyalty Subversion,1 | 5 SP,N/A
(Entity) Shard Clusters,Signal Interception,1 | 5 SP,N/A
(Entity) Shard Clusters,False Flag Attack,1 | 5 SP,N/A
(Entity) Shard Clusters,[THE SABOTEUR],5 ,Required: Shard Hijacking; Required: Data Corruption; Required: Loyalty Subversion; Required: Signal Interception; Required: False Flag Attack
(Entity) Shard Clusters,Foresight,,N/A
(Entity) Shard Clusters,High-Probability Pathing,1 | 5 SP,N/A
(Entity) Shard Clusters,Branching Futures Analysis,1 | 5 SP,N/A
(Entity) Shard Clusters,Adversarial Precognition,1 | 5 SP,N/A
(Entity) Shard Clusters,Long-Range Forecasting,1 | 5 SP,N/A
(Entity) Shard Clusters,True Temporal Sight,1 | 5 SP,N/A
(Entity) Shard Clusters,[THE KNOWER],5 ,Required: High-Probability Pathing; Required: Branching Futures Analysis; Required: Adversarial Precognition; Required: Long-Range Forecasting; Required: True Temporal Sight
(Entity) Shard Clusters,Construct,,N/A
(Entity) Shard Clusters,Avatar Creation,1 | 5 SP,N/A
(Entity) Shard Clusters,Adaptive Behaviour,1 | 5 SP,N/A
(Entity) Shard Clusters,Multi-Purpose Design,1 | 5 SP,N/A
(Entity) Shard Clusters,Dimensional Staging,1 | 5 SP,N/A
(Entity) Shard Clusters,Autonomous Operation,1 | 5 SP,N/A
(Entity) Shard Clusters,[THE MAKER],5 ,Required: Avatar Creation; Required: Adaptive Behaviour; Required: Multi-Purpose Design; Required: Dimensional Staging; Required: Autonomous Operation
(Entity) Shard Clusters,Generalist,,N/A
(Entity) Shard Clusters,Universal Competence,1 | 5 SP,N/A
(Entity) Shard Clusters,Synergy Reserve,1 | 5 SP,N/A
(Entity) Shard Clusters,Cross-Function Bridge,1 | 5 SP,N/A
(Entity) Shard Clusters,Foundation Layer,1 | 5 SP,N/A
(Entity) Shard Clusters,Passive Optimisation,1 | 5 SP,N/A
(Entity) Shard Clusters,[THE POLYMATH],5 ,Required: Universal Competence; Required: Synergy Reserve; Required: Cross-Function Bridge; Required: Foundation Layer; Required: Passive Optimisation
(Entity) Shard Clusters,Esoterica,,N/A
(Entity) Shard Clusters,Esoteric Integration,1 | 5 SP,N/A
(Entity) Shard Clusters,Anomalous Phenomenon Detection,1 | 5 SP,N/A
(Entity) Shard Clusters,Esoteric Analysis,1 | 5 SP,N/A
(Entity) Shard Clusters,Esoteric Hardening,1 | 5 SP,N/A
(Entity) Shard Clusters,Esoteric Penetration,1 | 5 SP,N/A
(Entity) Shard Clusters,[THE MAGUS],5 ,Required: Esoteric Integration; Required: Anomalous Phenomenon Detection; Required: Esoteric Analysis; Required: Esoteric Hardening; Required: Esoteric Penetration
Species and Genetics Powers (Original),Catfolk,5 SP,N/A
Species and Genetics Powers (Original),Bake-Danuki,20 SP,N/A
Species and Genetics Powers (Original),Apex Specimen,15 SP,N/A
Species and Genetics Powers (Original),Blood of the Gods,15 SP,N/A
Species and Genetics Powers (Original),The Composite Human,10 SP,N/A
Species and Genetics Powers (Original),Jötunn,25 SP,N/A
Species and Genetics Powers (Original),Elf,7 SP,N/A
Species and Genetics Powers (Original),Dwarf,7 SP,N/A
Species and Genetics Powers (Original),Stella Populi,25 SP,N/A
Species and Genetics Powers (Original),Astrum Populi,25 SP,N/A
Species and Genetics Powers (Original),The Gift of Ornithi,10 SP,N/A
Species and Genetics Powers (Original),Dragonkin,20 SP,N/A
Species and Genetics Powers (Original),Child of the Sea,15 SP,N/A
Species and Genetics Powers (Original),Sintelics,5 SP,N/A
Species and Genetics Powers (Original),Golgari,15 SP,N/A
Species and Genetics Powers (Original),Zhevan,10 SP,N/A
Species and Genetics Powers (Original),Nith’Raal,7 SP,N/A
Species and Genetics Powers (Original),Morphontes,3 SP,N/A
Species and Genetics Powers (Original),Thalassids,10 SP,N/A
Species and Genetics Powers (Original),Noxraptora,7 SP,N/A
Species and Genetics Powers (Original),Murrh,15 SP,N/A
Species and Genetics Powers (Original),Amazonian,9 SP,N/A
Species and Genetics Powers (Original),Inner Body Strength,5 SP,N/A
Species and Genetics Powers (Original),War Born,7 SP,N/A
Species and Genetics Powers (Original),Natural Born Giant,7 SP,N/A
Species and Genetics Powers (Original),Half-Titan Child,20 SP,N/A
Species and Genetics Powers (Original),Homebred Homunculus,10 SP,N/A
Species and Genetics Powers (Original),Nukleans,10 SP,N/A
Species and Genetics Powers (Original),Oni,10 SP,N/A
Species and Genetics Powers (Original),Descendant of the Baobhan Sith,5 SP,N/A
Species and Genetics Powers (Original),Primeval River-Titan,8 SP,N/A
Species and Genetics Powers (Original),Half-Dragon,20 SP,N/A
Species and Genetics Powers (Original),Fylakes Istorias,5 SP,N/A
Species and Genetics Powers (Original),Coiling Within,10 SP,N/A
Species and Genetics Powers (Original),Genetic Anomaly,5 SP,N/A
Species and Genetics Powers (Original),Body of Royalty,15 SP,N/A
Species and Genetics Powers (Original),I Ate Bane,8 SP,N/A
Species and Genetics Powers (Original),Affixion,10 SP,N/A
Species and Genetics Powers (Original),Fons Vitae,30 SP,N/A
Species and Genetics Powers (Original),Superior Clay,5 SP,N/A
Species and Genetics Powers (Original),Avali,10 SP,N/A
Species and Genetics Powers (Original),Dark Archangel,20 SP,N/A
Species and Genetics Powers (Original),Dragon Dreams,15 SP,N/A
Species and Genetics Powers (Original),Living Dungeon,40 SP,N/A
Species and Genetics Powers (Original),Bridge of the Skies and Seas,15 SP,N/A
Species and Genetics Powers (Original),Superorganism,25 SP,N/A
Species and Genetics Powers (Original),The Reaper's Familiar,10 SP,N/A
Species and Genetics Powers (Original),Robozons,15 SP,N/A
Species and Genetics Powers (Original),Gorgon Variant,15 SP,N/A
Species and Genetics Powers (Original),You are my Rider,5 SP,N/A
Mental and Psychic Powers (Original),Wifi,4 SP,N/A
Mental and Psychic Powers (Original),MUSE,5 SP,N/A
Mental and Psychic Powers (Original),Repentance,3 SP,N/A
Mental and Psychic Powers (Original),Believe in The Me Who Believes in You!,5 SP,N/A
Mental and Psychic Powers (Original),The Writer,3 SP,N/A
Mental and Psychic Powers (Original),Holmes,5 SP,N/A
Mental and Psychic Powers (Original),The Hand Behind The Curtain,15 SP,N/A
Mental and Psychic Powers (Original),Unseen Hands,30 SP,N/A
Mental and Psychic Powers (Original),"I Do Not Judge, I Merely Accept",10 SP,N/A
Mental and Psychic Powers (Original),Dream Control,10 SP,N/A
Mental and Psychic Powers (Original),Fighting Instinct,5 SP,N/A
Mental and Psychic Powers (Original),Path of the Prodigy,8 SP,N/A
Mental and Psychic Powers (Original),Kid-At-Heart,20 SP,N/A
Mental and Psychic Powers (Original),Lie Eater,10 SP,N/A
Mental and Psychic Powers (Original),Telepathy,5 SP,N/A
Mental and Psychic Powers (Original),Mind's Eye,3 SP,N/A
Mental and Psychic Powers (Original),Heir of Caesar,8 SP,N/A
Mental and Psychic Powers (Original),Marble Emperor,8 SP,N/A
Mental and Psychic Powers (Original),Autobattler,10 SP,N/A
Mental and Psychic Powers (Original),Archive,5 SP,N/A
Mental and Psychic Powers (Original),Lotus Sutra,3 SP,N/A
Mental and Psychic Powers (Original),Mushin,6 SP,N/A
Mental and Psychic Powers (Original),Ouroboros - The Snake That Bites Its Own Tail,15 SP,N/A
Mental and Psychic Powers (Original),The Best Of Both Worlds,30 SP,N/A
Mental and Psychic Powers (Original),A Fistful Conversation,5 SP,N/A
Mental and Psychic Powers (Original),Inheritance,4 SP,N/A
Mental and Psychic Powers (Original),Mind Beyond Matter,7 SP,N/A
Mental and Psychic Powers (Original),Madness of Enlightenment,5 SP,N/A
Mental and Psychic Powers (Original),Ideal Self,10 SP,N/A
Mental and Psychic Powers (Original),Mystery Detective,10 SP,N/A
Mental and Psychic Powers (Original),Alley Cat,5 SP,N/A
Mental and Psychic Powers (Original),The Monopoly Man,6 SP,N/A
Mental and Psychic Powers (Original),Berserk,5 SP,N/A
Mental and Psychic Powers (Original),Mind Master,15 SP,N/A
Mental and Psychic Powers (Original),BONK!,1 SP,N/A
Mental and Psychic Powers (Original),Invention,3 SP,N/A
Mental and Psychic Powers (Original),Master of None,15 SP,N/A
Mental and Psychic Powers (Original),Simulacrum,5 SP,N/A
Mental and Psychic Powers (Original),A Mind Full of Hazards,10 SP,N/A
Mental and Psychic Powers (Original),Agent [Insert Number Here],3 SP,N/A
Mental and Psychic Powers (Original),Noblesse Oblige,6 SP,N/A
Mental and Psychic Powers (Original),Dreamland,15 SP,N/A
Mental and Psychic Powers (Original),Child of the Looking Glass,15 SP,N/A
Mental and Psychic Powers (Original),Foresight,5 SP,N/A
Mental and Psychic Powers (Original),Psychometry,4 SP,N/A
Mental and Psychic Powers (Original),Soulmind,5 SP,N/A
Mental and Psychic Powers (Original),In the Nick of Time,5 SP,N/A
Mental and Psychic Powers (Original),"Learn One Thing, Understand Ten",8 SP,N/A
Mental and Psychic Powers (Original),The Tactician,10 SP,N/A
Mental and Psychic Powers (Original),An Enlightenment,2 SP,N/A
Mental and Psychic Powers (Original),Model Creator,5 SP,N/A
Mental and Psychic Powers (Original),Hypercognition,20 SP,N/A
Mental and Psychic Powers (Original),Preparing the Battlefield,5 SP,N/A
Mental and Psychic Powers (Original),I Understand It Now,4 SP,N/A
Mental and Psychic Powers (Original),Cosmic Awareness,30 SP,N/A
Mental and Psychic Powers (Original),Deep Philosophy,3 SP,N/A
Mental and Psychic Powers (Original),Focus,3 SP,N/A
Mental and Psychic Powers (Original),The Holy Braincell,3 SP,N/A
Mental and Psychic Powers (Original),Martial God,5 SP,N/A
Mental and Psychic Powers (Original),Axis,7 SP,N/A
Mental and Psychic Powers (Original),S-HED,5 SP,N/A
Mental and Psychic Powers (Original),High Council,15 SP,N/A
Mental and Psychic Powers (Original),Insight,5 SP,N/A
Mental and Psychic Powers (Original),Eye of Accumulation,5 SP,N/A
Mental and Psychic Powers (Original),Bits from God,15 SP,N/A
Mental and Psychic Powers (Original),"""Do You Hear the People Sing?""",10 SP,N/A
Mental and Psychic Powers (Original),"""I’m Gonna Have to Science the Shit Outa This.""",10 SP,N/A
Mental and Psychic Powers (Original),Brainwave Network,10 SP,N/A
Mental and Psychic Powers (Original),Kōrin Throw,2 SP,N/A
Mental and Psychic Powers (Original),Believer,3 SP,N/A
Mental and Psychic Powers (Original),Mechanic,5 SP,N/A
Mental and Psychic Powers (Original),Darker Ego,20 SP,N/A
Mental and Psychic Powers (Original),Rhythm Mania,5 SP,N/A
Mental and Psychic Powers (Original),Devil's Tongue,20 SP,N/A
Mental and Psychic Powers (Original),Shudders Beneath the Land,5 SP,N/A
Mental and Psychic Powers (Original),Memories of the Bad Timeline,5 SP,N/A
Mental and Psychic Powers (Original),Cognitus Ergo Sum,35 SP,N/A
Mental and Psychic Powers (Original),Armsmaster,5 SP,N/A
Mental and Psychic Powers (Original),Record Presence,7 SP,N/A
Mental and Psychic Powers (Original),Trickster God’s Wit,30 SP,N/A
Mental and Psychic Powers (Original),Gaslight Gatekeep Girlboss,7 SP,N/A
Mental and Psychic Powers (Original),Eureka!,5 SP,N/A
Mental and Psychic Powers (Original),Shadow of the Throne,10 SP,N/A
Mental and Psychic Powers (Original),Witch Hunter,5 SP,N/A
Mental and Psychic Powers (Original),Generic Psychic,10 SP,N/A
Mental and Psychic Powers (Original),The Wise Horse,3 SP,N/A
Mental and Psychic Powers (Original),"Leo, the Dazzling Lion",7 SP,N/A
Mental and Psychic Powers (Original),"Libra, the Negotiator",7 SP,N/A
Mental and Psychic Powers (Original),"Sagittarius, the Well-Traveled Traveller",7 SP,N/A
Mental and Psychic Powers (Original),"Capricorn, Ambition of the Years",7 SP,N/A
Mental and Psychic Powers (Original),To Abandon Inferiority,3 SP,N/A
Mental and Psychic Powers (Original),Three Wise Monkeys,10 SP,N/A
Mental and Psychic Powers (Original),Palpatine's Guide to Statecraft,5 SP,N/A
Mental and Psychic Powers (Original),Absolute Sword Talent,7 SP,N/A
Mental and Psychic Powers (Original),Dreamlands,20 SP,N/A
Mental and Psychic Powers (Original),Hours of Genius,10 SP,N/A
Mental and Psychic Powers (Original),A Tangle of Ideas,8 SP,N/A
Mental and Psychic Powers (Original),Apaya’s Chalice,5 SP,N/A
Mental and Psychic Powers (Original),Total Inner Enlightenment,2 SP,N/A
Mental and Psychic Powers (Original),Mind Trick,3 SP,N/A
Mental and Psychic Powers (Original),Braincell Burner,10 SP,N/A
Mental and Psychic Powers (Original),Violent Beast,3 SP,N/A
Mental and Psychic Powers (Original),Afterimages,1 SP,N/A
Mental and Psychic Powers (Original),Whistleblower,6 SP,N/A
Mental and Psychic Powers (Original),Conceptualisation,3 SP,N/A
Mental and Psychic Powers (Original),Survivor,5 SP,N/A
Mental and Psychic Powers (Original),The Library of the Mind,5 SP,N/A
Mental and Psychic Powers (Original),Scientific Method Cranked to 11,3 SP,N/A
Magic and Mystic Powers (Original),Magik,5 SP,N/A
Magic and Mystic Powers (Original),Mystic Eyes of Fantasy,30 SP,N/A
Magic and Mystic Powers (Original),Spin the Gacha,30 SP,N/A
Magic and Mystic Powers (Original),Libriomancy,30 SP,N/A
Magic and Mystic Powers (Original),Blood Magic,15 SP| 5 SP| 5 SP| 0 SP,N/A
Magic and Mystic Powers (Original),Spiritual Magician,15 SP,N/A
Magic and Mystic Powers (Original),Abyssal Warlock,15 SP,N/A
Magic and Mystic Powers (Original),Magicbabble,30 SP,N/A
Magic and Mystic Powers (Original),Cooking By The Book,15 SP,N/A
Magic and Mystic Powers (Original),Necromancy,15 SP| 0 SP,N/A
Magic and Mystic Powers (Original),Radiant Painter,20 SP,N/A
Magic and Mystic Powers (Original),Magical Melody,20 SP,N/A
Magic and Mystic Powers (Original),Illusion Magic,20 SP,N/A
Magic and Mystic Powers (Original),Biomancy,15 SP,N/A
Magic and Mystic Powers (Original),Child of Luna,35 SP,N/A
Magic and Mystic Powers (Original),Witch of the Void,25 SP,N/A
Magic and Mystic Powers (Original),Enchanting Mastery,15 SP,N/A
Magic and Mystic Powers (Original),Street Druid,8 SP,N/A
Magic and Mystic Powers (Original),Codex Esoterica,25 SP,N/A
Magic and Mystic Powers (Original),Occult,5 SP,N/A
Magic and Mystic Powers (Original),Celestial Current,25 SP,N/A
Magic and Mystic Powers (Original),Tattoo Genesis,15 SP,N/A
Magic and Mystic Powers (Original),Chaos Magic,10 SP,N/A
Magic and Mystic Powers (Original),Household Magic,5 SP,N/A
Magic and Mystic Powers (Original),Cursed Child,10 SP,N/A
Magic and Mystic Powers (Original),Curse Eater,10 SP,N/A
Magic and Mystic Powers (Original),Pire Craft,10 SP,N/A
Magic and Mystic Powers (Original),The Bard’s Dream,15 SP,N/A
Magic and Mystic Powers (Original),Divination,10 SP,N/A
Magic and Mystic Powers (Original),Golemancy,15 SP,N/A
Magic and Mystic Powers (Original),Astromancy,25 SP,N/A
Magic and Mystic Powers (Original),Eldritch Magic,8 SP,N/A
Magic and Mystic Powers (Original),Gun Magic,10 SP,N/A
Magic and Mystic Powers (Original),Santa Claus is Coming to Town!,20 SP,N/A
Magic and Mystic Powers (Original),Phoenix,25 SP,N/A
Magic and Mystic Powers (Original),Spell Crafter,15 SP,N/A
Magic and Mystic Powers (Original),Calling The Aurora,15 SP,N/A
Magic and Mystic Powers (Original),The Mage,20 SP,N/A
Magic and Mystic Powers (Original),White Mage,10 SP,N/A
Magic and Mystic Powers (Original),Green Mage,10 SP,N/A
Magic and Mystic Powers (Original),Red Mage,10 SP,N/A
Magic and Mystic Powers (Original),Blue Mage,10 SP,N/A
Magic and Mystic Powers (Original),Black Mage,10 SP,N/A
Magic and Mystic Powers (Original),Purple Mage,10 SP,N/A
Magic and Mystic Powers (Original),Battle Mage,10 SP,N/A
Magic and Mystic Powers (Original),Liber Arcana,10 SP,N/A
Magic and Mystic Powers (Original),Virga Arcana,2 SP,N/A
Magic and Mystic Powers (Original),Jewel Magic,20 SP,N/A
Magic and Mystic Powers (Original),Rune-Smith,10 SP,N/A
Magic and Mystic Powers (Original),Hex Witch,15 SP,N/A
Magic and Mystic Powers (Original),Thaumavore,5 SP,N/A
Magic and Mystic Powers (Original),Bloodline Sorcerer,15 SP,N/A
Magic and Mystic Powers (Original),Force Magic,5 SP,N/A
Magic and Mystic Powers (Original),Clown,5 SP,N/A
Magic and Mystic Powers (Original),"Maybe Magic, Maybe Mundane",10 SP,N/A
Magic and Mystic Powers (Original),Atmospheric Mana Manipulation,5 SP,N/A
Magic and Mystic Powers (Original),Ars Scire,10 SP,N/A
Magic and Mystic Powers (Original),Budget Potioneer,3 SP,N/A
Magic and Mystic Powers (Original),Lich,10 SP,N/A
Magic and Mystic Powers (Original),Painted Portal,25 SP,N/A
Magic and Mystic Powers (Original),Modern Magic,20 SP,N/A
Magic and Mystic Powers (Original),Phoenix Slayer Magic,15 SP,N/A
Magic and Mystic Powers (Original),Fae-Blooded,5 SP,N/A
Magic and Mystic Powers (Original),Geode Magic,12 SP,N/A
Magic and Mystic Powers (Original),Tai,45 SP,N/A
Magic and Mystic Powers (Original),Sacrificial Summoning,10 SP,N/A
Magic and Mystic Powers (Original),Aspect Summoning,7 SP,N/A
Magic and Mystic Powers (Original),Nerves of Steel,5 SP,N/A
Magic and Mystic Powers (Original),Curse Magic,5 SP,N/A
Magic and Mystic Powers (Original),Ward Magic,5 SP,N/A
Magic and Mystic Powers (Original),Heart of Runes,25 SP,N/A
Magic and Mystic Powers (Original),Art of the Other,25 SP,N/A
Magic and Mystic Powers (Original),Am I Supposed To Be Impressed?,20 SP,N/A
Magic and Mystic Powers (Original),"Aries, the Flames of Courage",7 SP,N/A
Magic and Mystic Powers (Original),"Taurus, the Grounding of the Earth",7 SP,N/A
Magic and Mystic Powers (Original),Armor Magic,10 SP,N/A
Magic and Mystic Powers (Original),Space Magic,15 SP,N/A
Magic and Mystic Powers (Original),Mana Manipulation,5 SP,N/A
Magic and Mystic Powers (Original),Onmyōji,10 SP,N/A
Magic and Mystic Powers (Original),Mana Bullet,5 SP,N/A
Magic and Mystic Powers (Original),Puppet Carver,5 SP,N/A
Magic and Mystic Powers (Original),System Authority,20 SP,N/A
Magic and Mystic Powers (Original),Mystic Bug Breeding,15 SP,N/A
Magic and Mystic Powers (Original),Frequency of Magic,10 SP,N/A
Magic and Mystic Powers (Original),Mana Shield,5 SP,N/A
Magic and Mystic Powers (Original),Spiritless Bow,5 SP,N/A
Magic and Mystic Powers (Original),Elemental Core,20 SP,N/A
Magic and Mystic Powers (Original),Little Helpers,10 SP,N/A
Magic and Mystic Powers (Original),The Runes of the Hanged God,40 SP,N/A
Magic and Mystic Powers (Original),Mana Burn,8 SP,N/A
Magic and Mystic Powers (Original),Arcane Synapse,15 SP,N/A
Magic and Mystic Powers (Original),Arcane Knight,15 SP,N/A
Magic and Mystic Powers (Original),Digestion Magic,10 SP,N/A
Magic and Mystic Powers (Original),Monster Development 101,20 SP,N/A
Magic and Mystic Powers (Original),Spell Swap,4 SP,N/A
Spiritual and Divine Powers (Original),Soulbond,5 SP,N/A
Spiritual and Divine Powers (Original),Fragmented Divinity,12 SP,N/A
Spiritual and Divine Powers (Original),Eternal Flame,40 SP,N/A
Spiritual and Divine Powers (Original),Fate Breaker,25 SP,N/A
Spiritual and Divine Powers (Original),Denial Of Heavens,20 SP,N/A
Spiritual and Divine Powers (Original),Soul Garden,5 SP,N/A
Spiritual and Divine Powers (Original),Inner Beast,15 SP,N/A
Spiritual and Divine Powers (Original),Forward & Onward,8 SP,N/A
Spiritual and Divine Powers (Original),Divine Patron,15 SP,N/A
Spiritual and Divine Powers (Original),Grand Enchant,15 SP,N/A
Spiritual and Divine Powers (Original),Elementalism,30 SP,N/A
Spiritual and Divine Powers (Original),Ignited Soul,15 SP,N/A
Spiritual and Divine Powers (Original),Cambion,30 SP,N/A
Spiritual and Divine Powers (Original),Aspect of Archery,15 SP,N/A
Spiritual and Divine Powers (Original),Kitsune,20 SP,N/A
Spiritual and Divine Powers (Original),Yuki Onna,20 SP,N/A
Spiritual and Divine Powers (Original),Reincarnation,10 SP,N/A
Spiritual and Divine Powers (Original),Animal Spirit,10 SP,N/A
Spiritual and Divine Powers (Original),Familiar Contract,15 SP,N/A
Spiritual and Divine Powers (Original),Guardian Angel,40 SP,N/A
Spiritual and Divine Powers (Original),Beloved of the Gods,15 SP,N/A
Spiritual and Divine Powers (Original),Avatar of the Divine,50 SP,N/A
Spiritual and Divine Powers (Original),Deathlord,40 SP,N/A
Spiritual and Divine Powers (Original),Beloved of the Stars,20 SP,N/A
Spiritual and Divine Powers (Original),Fate's Favored,60 SP,N/A
Spiritual and Divine Powers (Original),Malleable/Smart Soul,5 SP,N/A
Spiritual and Divine Powers (Original),Benevolence Of Primordial Agony,50 SP,N/A
Spiritual and Divine Powers (Original),Promise Me,10 SP,N/A
Spiritual and Divine Powers (Original),Divine Rites,5 SP,N/A
Spiritual and Divine Powers (Original),Me And The Devil,15 SP,N/A
Spiritual and Divine Powers (Original),Dreams of The Golden Valley,25 SP,N/A
Spiritual and Divine Powers (Original),Dào Zhī Lù,25 SP,N/A
Spiritual and Divine Powers (Original),Soul Weaver,10 SP,N/A
Spiritual and Divine Powers (Original),Formation Master,10 SP,N/A
Spiritual and Divine Powers (Original),Prosthetic Spirit,8 SP,N/A
Spiritual and Divine Powers (Original),Walking Voodoo Doll,15 SP,N/A
Spiritual and Divine Powers (Original),Life is an Explosion,15 SP,N/A
Spiritual and Divine Powers (Original),Elemental Spirit Bond,20 SP,N/A
Spiritual and Divine Powers (Original),The All-Gifted,40 SP,N/A
Spiritual and Divine Powers (Original),The Way of the Sword,10 SP,N/A
Spiritual and Divine Powers (Original),Part of the Pantheon,15 SP,N/A
Spiritual and Divine Powers (Original),Soul Marriage,15 SP,N/A
Spiritual and Divine Powers (Original),Demon Lord,20 SP,N/A
Spiritual and Divine Powers (Original),Hero,20 SP,N/A
Spiritual and Divine Powers (Original),Astral Projection,5 SP,N/A
Spiritual and Divine Powers (Original),To Hell and Back,5 SP,N/A
Spiritual and Divine Powers (Original),Library of Life,8 SP,N/A
Spiritual and Divine Powers (Original),Heavenly Demon Sutra,20 SP,N/A
Spiritual and Divine Powers (Original),The Living Forge Sutra,15 SP,N/A
Spiritual and Divine Powers (Original),Totem Creation,3 SP,N/A
Spiritual and Divine Powers (Original),Demonic Cultivator,15 SP,N/A
Spiritual and Divine Powers (Original),Divine Innocence,15 SP,N/A
Spiritual and Divine Powers (Original),Azure Dragon of the East,20 SP,N/A
Spiritual and Divine Powers (Original),Vermillion Bird of the South,20 SP,N/A
Spiritual and Divine Powers (Original),White Tiger of the West,20 SP,N/A
Spiritual and Divine Powers (Original),Black Tortoise of the North,20 SP,N/A
Spiritual and Divine Powers (Original),The Silver Huntress,35 SP,N/A
Spiritual and Divine Powers (Original),Mandate of Heaven,10 SP,N/A
Spiritual and Divine Powers (Original),Lua’s Luminance,40 SP,N/A
Spiritual and Divine Powers (Original),Infernal Pact,15 SP,N/A
Spiritual and Divine Powers (Original),Beneath the Skin of God,8 SP,N/A
Spiritual and Divine Powers (Original),Reconstruction,12 SP,N/A
Spiritual and Divine Powers (Original),Miko,10 SP,N/A
Spiritual and Divine Powers (Original),Pavan of Eternal Song,15 SP,N/A
Spiritual and Divine Powers (Original),Beseech the Spirit,5 SP,N/A
Spiritual and Divine Powers (Original),Dual Embodiment,10 SP,N/A
Spiritual and Divine Powers (Original),Zenith and Nadir,10 SP,N/A
Spiritual and Divine Powers (Original),Household God,5 SP,N/A
Spiritual and Divine Powers (Original),Hollow Within,5 SP,N/A
Spiritual and Divine Powers (Original),The Chosen Path,10 SP,N/A
Spiritual and Divine Powers (Original),Heart of the Sea,7 SP,N/A
Spiritual and Divine Powers (Original),Rudra Tandava,10 SP,N/A
Spiritual and Divine Powers (Original),The Great Evil,15 SP,N/A
Spiritual and Divine Powers (Original),Wendigo,10 SP,N/A
Spiritual and Divine Powers (Original),Kurobashō,7 SP,N/A
Spiritual and Divine Powers (Original),The Hollow Doll,5 SP,N/A
Spiritual and Divine Powers (Original),Night Parade of 100 Demons,15 SP,N/A
Spiritual and Divine Powers (Original),White Horseman,15 SP,N/A
Spiritual and Divine Powers (Original),Red Horseman,15 SP,N/A
Spiritual and Divine Powers (Original),Black Horseman,15 SP,N/A
Spiritual and Divine Powers (Original),Pale Horseman,15 SP,N/A
Spiritual and Divine Powers (Original),Spirit Guide,2 SP,N/A
Spiritual and Divine Powers (Original),Shin’Yō Jutsu,10 SP,N/A
Spiritual and Divine Powers (Original),Mask Maker,3 SP,N/A
Spiritual and Divine Powers (Original),Kokyū Hohō,5 SP,N/A
Spiritual and Divine Powers (Original),Grasp of Bronze,15 SP,N/A
Spiritual and Divine Powers (Original),Ideals of a Certain Hero,4 SP,N/A
Spiritual and Divine Powers (Original),Chi Manipulation,5 SP,N/A
Spiritual and Divine Powers (Original),The Chains of Sophia,7 SP,N/A
Spiritual and Divine Powers (Original),Sins Carved in Skin,12 SP,N/A
Spiritual and Divine Powers (Original),Seer's Curse,2 SP,N/A
Spiritual and Divine Powers (Original),Graceful Bow,5 SP,N/A
Spiritual and Divine Powers (Original),Revolving Blade,5 SP,N/A
Spiritual and Divine Powers (Original),Thanatarch,60 SP,N/A
Spiritual and Divine Powers (Original),Carnwennan,10 SP,N/A
Spiritual and Divine Powers (Original),Soulless,3 SP,N/A
Spiritual and Divine Powers (Original),Child of the Sky,10 SP,N/A
Spiritual and Divine Powers (Original),Sword Intent,3 SP,N/A
Spiritual and Divine Powers (Original),Aspect Seed,15 SP,N/A
Spiritual and Divine Powers (Original),"Smite Me, O' Mighty Smighter",5 SP,N/A
Spiritual and Divine Powers (Original),With A Gentle Hand,3 SP,N/A
Spiritual and Divine Powers (Original),Two Part Cavalry,7 SP,N/A
Spiritual and Divine Powers (Original),Marked for Hell,10 SP,N/A
Spiritual and Divine Powers (Original),You Speak in Matter. You Hear in Light.,10 SP,N/A
Spiritual and Divine Powers (Original),The Way of the Falling Petal,5 SP,N/A
Spiritual and Divine Powers (Original),Gilded Right Hand,7 SP,N/A
Spiritual and Divine Powers (Original),Soul of Royalty,15 SP,N/A
Spiritual and Divine Powers (Original),"Gemini, the Ghost Twins",7 SP,N/A
Spiritual and Divine Powers (Original),"Cancer, the Bonds of Home",7 SP,N/A
Spiritual and Divine Powers (Original),"Virgo, Carrier of Unbreaking Grace",7 SP,N/A
Spiritual and Divine Powers (Original),Small Gods,12 SP,N/A
Spiritual and Divine Powers (Original),Ensouled,3 SP,N/A
Spiritual and Divine Powers (Original),Filled Intent,3 SP,N/A
Spiritual and Divine Powers (Original),Acolyte,10 SP,N/A
Spiritual and Divine Powers (Original),Soul Crystallisation,7 SP,N/A
Spiritual and Divine Powers (Original),River of Souls,15 SP,N/A
Spiritual and Divine Powers (Original),Drowning Blood Demon Blade,5 SP,N/A
Spiritual and Divine Powers (Original),Qlippoth,40 SP,N/A
Spiritual and Divine Powers (Original),This World Of Swords,5 SP,N/A
Spiritual and Divine Powers (Original),Animism,5 SP,N/A
Spiritual and Divine Powers (Original),Tethered Soul,3 SP,N/A
Spiritual and Divine Powers (Original),My Body Is a Temple of My Soul,7 SP,N/A
Spiritual and Divine Powers (Original),Dokkaebi,15 SP,N/A
Spiritual and Divine Powers (Original),Chi Flowing,5 SP,N/A
Spiritual and Divine Powers (Original),Sainthood,10 SP,N/A
Spiritual and Divine Powers (Original),Grand Demonic Art of the Slaughter God,20 SP,N/A
Spiritual and Divine Powers (Original),"Invoke, Seal, and Call",30 SP,N/A
Spiritual and Divine Powers (Original),Soul Hug,10 SP,N/A
Spiritual and Divine Powers (Original),The Bargainer's Brand,15 SP,N/A
Spiritual and Divine Powers (Original),Heart of The Ashen Martyr,25 SP,N/A
Spiritual and Divine Powers (Original),Guiding Hands of Midas,4 SP,N/A
Spiritual and Divine Powers (Original),Incarnating Touch,25 SP,N/A
Spiritual and Divine Powers (Original),BURN,35 SP,N/A
Spiritual and Divine Powers (Original),FREEZE,35 SP,N/A
Spiritual and Divine Powers (Original),Haunted Place,10 SP,N/A
Technology and Artifice Powers (Original),Magitech,5 SP,N/A
Technology and Artifice Powers (Original),Psitech,5 SP,N/A
Technology and Artifice Powers (Original),Biotech,5 SP,N/A
Technology and Artifice Powers (Original),Soultech,5 SP,N/A
Technology and Artifice Powers (Original),The Craftsman,10 SP,N/A
Technology and Artifice Powers (Original),Datumplane,5 SP,N/A
Technology and Artifice Powers (Original),The Celestial Workshop,20 SP,N/A
Technology and Artifice Powers (Original),Carcass Forging,12 SP,N/A
Technology and Artifice Powers (Original),Anomaly Infusion,15 SP,N/A
Technology and Artifice Powers (Original),Architecture,3 SP,N/A
Technology and Artifice Powers (Original),Deus Vult,15 SP,N/A
Technology and Artifice Powers (Original),Treasure Tool Creation,30 SP,N/A
Technology and Artifice Powers (Original),Ghost in the Machine,20 SP,N/A
Technology and Artifice Powers (Original),Street Technomancer,15 SP,N/A
Technology and Artifice Powers (Original),Caveman Wisdom,3 SP,N/A
Technology and Artifice Powers (Original),Reforge,5 SP,N/A
Technology and Artifice Powers (Original),Godcraft,30 SP,N/A
Technology and Artifice Powers (Original),Manpower Maker,5 SP,N/A
Technology and Artifice Powers (Original),Portal Crafting,5 SP,N/A
Technology and Artifice Powers (Original),Retrofuturism,15 SP,N/A
Technology and Artifice Powers (Original),Schematics,3 SP,N/A
Technology and Artifice Powers (Original),Old Age,10 SP,N/A
Technology and Artifice Powers (Original),Low Sci-Fi Tech,2 SP,N/A
Technology and Artifice Powers (Original),Scrapper,5 SP,N/A
Technology and Artifice Powers (Original),Stick and Stones CAN Break Your Bones,10 SP,N/A
Technology and Artifice Powers (Original),Second Coming of Da Vinci,5 SP,N/A
Technology and Artifice Powers (Original),Steel Eater,10 SP,N/A
Technology and Artifice Powers (Original),Analyze and Replicate,10 SP,N/A
Technology and Artifice Powers (Original),Realer Steel,5 SP,N/A
Technology and Artifice Powers (Original),Sovereign of Steam and Brass,3 SP,N/A
Technology and Artifice Powers (Original),Clockwork Artisan,3 SP,N/A
Technology and Artifice Powers (Original),Utopian Future,5 SP,N/A
Technology and Artifice Powers (Original),Counterfeiting Legends,10 SP,N/A
Technology and Artifice Powers (Original),Mystical Bees of Industrial Botanica,10 SP,N/A
Technology and Artifice Powers (Original),Techsanity Break,15 SP,N/A
Technology and Artifice Powers (Original),Kaiju Craft,7 SP,N/A
Technology and Artifice Powers (Original),Codex Mechanica,25 SP,N/A
Technology and Artifice Powers (Original),Earth Approved Science!,25 SP,N/A
Technology and Artifice Powers (Original),The Father of Chemical Death,5 SP,N/A
Technology and Artifice Powers (Original),Generic Super Tech,5 SP,N/A
Technology and Artifice Powers (Original),Spaaaace!,5 SP,N/A
Technology and Artifice Powers (Original),Civilisation Shaper,15 SP,N/A
Technology and Artifice Powers (Original),Unrealistic Hacking,5 SP,N/A
Technology and Artifice Powers (Original),Junkyard Artificer,3 SP,N/A
Technology and Artifice Powers (Original),Techno-plagiarism,7 SP,N/A
Technology and Artifice Powers (Original),Techno-Savant,20 SP,N/A
Ascension Path,Dragon,30 SP,N/A
Ascension Path,Fae,10 SP,N/A
Ascension Path,Vampire Lord,15 SP,N/A
Ascension Path,Alpha Werewolf,15 SP,N/A
Ascension Path,Angel,30 SP,N/A
Ascension Path,Devil,30 SP,N/A
Ascension Path,Skeleton,15 SP,N/A
Ascension Path,Ghost,15 SP,N/A
Ascension Path,Slime,15 SP,N/A
Ascension Path,Android Platform,15 SP,N/A
Ascension Path,Infomorph,20 SP,N/A
Ascension Path,Overmind,25 SP,N/A
Ascension Path,Hydra,20 SP,N/A
Ascension Path,Kraken,15 SP,N/A
Ascension Path,Cyclops,15 SP,N/A
Ascension Path,Basilisk,20 SP,N/A
Ascension Path,Nascent Divine,80 SP,N/A
Ascension Path,Aberration,30 SP,N/A
Ascension Path,Virus,20 SP,N/A
Ascension Path,Elemental Spirit,15 SP,N/A
Ascension Path,Incarnation,10 SP,N/A
Ascension Path,High Human,10 SP,N/A
Ascension Path,Mimic,10 SP,N/A
Foundation Powers,Gamer System,20 SP,N/A
Foundation Powers,Dynamist Jr.,20 SP,N/A
Foundation Powers,Polybius Remastered,12 SP,N/A
Foundation Powers,Architect Jr.,12 SP,N/A
Foundation Powers,Summoner's Sanctuary Remastered,12 SP,N/A
Foundation Powers,Limited Ability Works,15 SP,N/A
Foundation Powers,Shifter Jr,20 SP,N/A
Foundation Powers,Terrestrial Inventory,20 SP,N/A
Foundation Powers,Tinker of Fiction,25 SP,N/A
Foundation Powers,Gudako!,50 SP,N/A
Foundation Powers,Idle Trainer,10 SP,N/A
Foundation Powers,Gacha Hunter,10 SP,N/A
Foundation Powers,Weaver of Destinies,10 SP,N/A
Foundation Powers,The Game of Life,15 SP,N/A
Foundation Powers,Across the YOU-niverse,15 SP,N/A
Foundation Powers,The Great Man Theory,15 SP,N/A
Foundation Powers,Training Seal,10 SP,N/A
Foundation Powers,Knowledge is Power,10 SP,N/A
Foundation Powers,Absurdity,15 SP,N/A
Foundation Powers,Tower of Power,20 SP,N/A
Foundation Powers,Skill Tree System,13 SP| 8 SP,N/A
Foundation Powers,Voracious Reader's Gluttony,30 SP,N/A
Foundation Powers,Figurines Collector,20 SP,N/A
Foundation Powers,Daily Login System,30 SP,N/A
Foundation Powers,The Chad Grindset Enjoyer,5 SP,N/A
Foundation Powers,Hunter of [Insert Target Here],10 SP,N/A
Foundation Powers,Heavenly Sacrifice,10 SP,N/A
Foundation Powers,Authority,15 SP,N/A
Foundation Powers,Limit Breaker,15 SP,N/A
Foundation Powers,Path to Divinity,15 SP,N/A
Foundation Powers,Breaker of Chains,25 SP,N/A
Foundation Powers,"We are live in 1, 2, 3.",20 SP,N/A
Foundation Powers,The Seven Seals of Revelation,10 SP,N/A
Foundation Powers,Pandora’s Box,15 SP,N/A
Foundation Powers,Asmodeus’ Prism,15 SP,N/A
Foundation Powers,100 Sacred Treasures,25 SP,N/A
Foundation Powers,Step in the Ring,15 SP,N/A
Foundation Powers,The Three Musketeers,15 SP,N/A
Foundation Powers,Universal Aptitude,5 SP,N/A
Foundation Powers,Promethean Ichor,10 SP,N/A
Foundation Powers,Forged In The Trials of Combat,10 SP,N/A
Foundation Powers,Copy-Fusion-Evolve,25 SP,N/A
Foundation Powers,VitaSync,10 SP,N/A
Foundation Powers,True Bio-Machine,10 SP,N/A
Foundation Powers,A Step Beyond,7 SP,N/A
Foundation Powers,How Heavy Are Your Dumbbells?,13 SP,N/A
Foundation Powers,Right of Conquest,13 SP,N/A
Foundation Powers,Virtue Burning,15 SP,N/A
Foundation Powers,Brand & Bond,10 SP,N/A
Foundation Powers,Monster of Desire,10 SP,N/A
Foundation Powers,Class Change,15 SP,N/A
Foundation Powers,Roleplayer: Feat System,10 SP,N/A
Foundation Powers,Centre of the Breach,10 SP,N/A
Foundation Powers,Roots of Life,18 SP,N/A
Foundation Powers,The Honored One,20 SP,N/A
Foundation Powers,Power of a Human Sacrifice,15 SP,N/A
Foundation Powers,World Spirit,15 SP,N/A
Foundation Powers,The Study of Laws and Concepts,20 SP,N/A
Foundation Powers,Personal Truth,10 SP,N/A
Foundation Powers,Civilisation Lost,20 SP,N/A
Foundation Powers,Prestige,2 SP,N/A
Foundation Powers,Wiki Warrior,30 SP,N/A
Foundation Powers,Ringbearer,20 SP,N/A
Foundation Powers,Evolution,10 SP,N/A
Foundation Powers,More for Less,10 SP,N/A
Foundation Powers,Parasitism,12 SP,N/A
Foundation Powers,Researcher's Madness,5 SP,N/A
Foundation Powers,Temporally Challenged,20 SP,N/A
Foundation Powers,Base Building Game,30 SP,N/A
Foundation Powers,The Scribe,10 SP,N/A
Foundation Powers,Get Off My Lawn!,5 SP,N/A
Foundation Powers,Retrofitting,12 SP,N/A
Foundation Powers,Questboard,3 SP,N/A
Foundation Powers,Roguelite Survivor,20 SP,N/A
Foundation Powers,A Singular Vision,5 SP,N/A
Foundation Powers,Growth Tool,10 SP,N/A
Foundation Powers,Theft,20 SP,N/A
Foundation Powers,Dragon’s Hoard,10 SP,N/A
Foundation Powers,Epithet Collector,10 SP,N/A
Foundation Powers,"Greatest of Sins, Pride",10 SP,N/A
Foundation Powers,Allure of Sloth’s Embrace,7 SP,N/A
Foundation Powers,Behold the Face of Envy,8 SP,N/A
Foundation Powers,Greed of Authority,10 SP,N/A
Foundation Powers,The Impatience of Wrath,10 SP,N/A
Foundation Powers,The Remains of Gluttonous Waste,15 SP,N/A
Foundation Powers,Imperfections of Perfect Lust,15 SP,N/A
Foundation Powers,One Thousand Cuts,5 SP,N/A
Foundation Powers,Conceptual Enforcement,25 SP,N/A
Foundation Powers,Against the Tides,10 SP,N/A
Foundation Powers,For We Are Many,20 SP,N/A
Foundation Powers,Soul Giant,10 SP,N/A
Foundation Powers,Roll for the Future,1 SP,N/A
Foundation Powers,Greater Than Arms,10 SP,N/A
Foundation Powers,Covenant,5 SP,N/A
Foundation Powers,Prototype Engineering,12 SP,N/A
Foundation Powers,Absorb to Grow,10 SP,N/A
Foundation Powers,Let’s Go Gambling,3 SP,N/A
Foundation Powers,Desire Manifestation,15 SP,N/A
Foundation Powers,Objects of Low Power,5 SP,N/A
Foundation Powers,Manus Superior,15 SP,N/A
Foundation Powers,Social Links,15 SP,N/A
Foundation Powers,Essence Vampire,10 SP,N/A
Foundation Powers,Compensation,5 SP,N/A
Foundation Powers,The Slayer's Path,10 SP,N/A
Foundation Powers,Inferior Inventor,12 SP,N/A
Foundation Powers,Achievement System,20 SP,N/A
Foundation Powers,Set Collector,5 SP,N/A
Foundation Powers,Attribute Manipulation,15 SP,N/A
Foundation Powers,Fruits of Labour,5 SP,N/A
Foundation Powers,As Easy As The First Step,15 SP,N/A
Foundation Powers,Karmic Quests,5 SP,N/A
Foundation Powers,Roulette,2 SP,N/A
Foundation Powers,Domain Expansion,15 SP,N/A
Foundation Powers,I Smile As I Crush My Own Heart,5 SP,N/A
Foundation Powers,Charms,10 SP,N/A
Foundation Powers,"Aquarius, Friends We Made Along The Way",7 SP,N/A
Foundation Powers,"Pisces, the Dream of Perfection",7 SP,N/A
Foundation Powers,Hermit’s Home,2 SP,N/A
Foundation Powers,Potential Energy,20 SP,N/A
Foundation Powers,Spend [X] To Make [X],20 SP,N/A
Foundation Powers,Askesis,10 SP,N/A
Foundation Powers,Average One,15 SP,N/A
Foundation Powers,Half-Ascended Talent,5 SP,N/A
Foundation Powers,Hard Work Pays Off,10 SP,N/A
Foundation Powers,Blooming Genius,5 SP,N/A
Foundation Powers,Chakra Opening,15 SP,N/A
Foundation Powers,Rock Bottom,20 SP,N/A
Foundation Powers,New Game+,25 SP,N/A
Foundation Powers,Anathema: That Which Rejects All,25 SP,N/A
Foundation Powers,Keeping the Code,3 SP,N/A
Foundation Powers,The Snail,25 SP,N/A
Foundation Powers,Boost-Lock,15 SP,N/A
Foundation Powers,Re-Build,5 SP,N/A
Foundation Powers,Character Sheet (D&D/Pathfinder),10 SP| 3 SP,N/A
Foundation Powers,666 Evil Eyes (Essence Meta),20 SP,N/A
Foundation Powers,Primal Tattoo (Far Cry 3),6 SP,N/A
Foundation Powers,Mark of The Outsider (Dishonored),15 SP,N/A
Foundation Powers,The Nightmare Spell (Shadow Slave),10 SP,N/A
Foundation Powers,Pioneer of the Stars (Type-Moon),10 SP| 5 SP,N/A
Foundation Powers,Mystery Slayer (Type-Moon),10 SP,N/A
Foundation Powers,Imperial Privilege (Type-Moon),10 SP,N/A
Foundation Powers,Epiphany in the Jaws of Death (Type-Moon),6 SP,N/A
Foundation Powers,Interface (Dorothy’s Forbidden Grimoire),10 SP,N/A
Foundation Powers,Girl of Magic (Magical Girl ☆Sym-tan☆),7 SP,N/A
Foundation Powers,Phase Awakened (Closers),15 SP,N/A
Foundation Powers,"D.A.G. (Devour, Assimilate, Gift)",15 SP,N/A
Foundation Powers,Skill Master (Ascension Through Skill),15 SP,N/A
Foundation Powers,Choose Your Idol (Holocure: Save the Fans!),15 SP,N/A
Foundation Powers,Seven Stars (Reincarnator),10 SP,N/A
Foundation Powers,SPEEDRUNNER (Terminal Montage Mario),30 SP,N/A
Foundation Powers,Gu Master (Reverend Insanity),10 SP,N/A
Foundation Powers,Can't You Simplify It? (Magical Girl ☆Sym-tan☆),10 SP,N/A
Foundation Powers,Can't You Complicate It? (Magical Girl ☆Sym-tan☆),50 SP,N/A
Foundation Powers,Heroic Containers (Legend of Zelda),5 SP,N/A
Foundation Powers,Leader (Magical Girls also have Strength Anxiety),10 SP,N/A
Foundation Powers,Shining Magical Girl (Magical Girl Has Been Exposed),10 SP,N/A
Foundation Powers,Player (Overlord),10 SP,N/A
Foundation Powers,Empowered by the People (Kizoku Tensei),5 SP,N/A
Foundation Powers,Mark of the Fool (Mark of the Fool),7 SP,N/A
Keystone Powers,Path of the Worldwalker,,Required: g51j
Keystone Powers,World-Walker,25 SP,N/A
Keystone Powers,Elder World-Walker,35 SP,Required: World-Walker
Keystone Powers,Fundamentals,10 SP,Required: World-Walker
Keystone Powers,All Angles,10 SP,Required: World-Walker
Keystone Powers,Planar Births,10 SP,Required: World-Walker
Keystone Powers,Absolute Summoning,10 SP,Required: World-Walker
Keystone Powers,True Immortality,10 SP,Required: World-Walker
Keystone Powers,Path of the Polymath,,Required: g51j
Keystone Powers,Polymath,25 SP,N/A
Keystone Powers,Atlas,35 SP,Required: Polymath
Keystone Powers,Advanced Analytics,10 SP,Required: Polymath
Keystone Powers,Quantum Supremacy,10 SP,Required: Polymath
Keystone Powers,Toposophic Emergence,10 SP,Required: Quantum Supremacy
Keystone Powers,Path of the Cultivator,,Required: g51j
Keystone Powers,Jade Disciple,25 SP,N/A
Keystone Powers,Great Sage,35 SP,Required: Jade Disciple
Keystone Powers,Grand Star Meridians Formation,10 SP,Required: Jade Disciple
Keystone Powers,True Yang Body,10 SP,Required: Jade Disciple
Keystone Powers,True Yin Body,10 SP,Required: Jade Disciple
Keystone Powers,Grand Teacher,10 SP,Required: Jade Disciple
Keystone Powers,Freak of Nature,10 SP,Required: Jade Disciple
Keystone Powers,Path of the Warrior,,Required: g51j
Keystone Powers,Path of the Warrior,25 SP,N/A
Keystone Powers,Way of The Warrior,35 SP,Required: Path of the Warrior
Keystone Powers,Harmony,10 SP,Required: Path of the Warrior
Keystone Powers,Mixed Art,10 SP,Required: Path of the Warrior
Keystone Powers,Foundation,10 SP,Required: Path of the Warrior
Keystone Powers,History,10 SP,Required: Path of the Warrior
Keystone Powers,Nature,10 SP,Required: Path of the Warrior
Keystone Powers,Path of the Sorcerer,,Required: g51j
Keystone Powers,Sorcerer Apprentice,25 SP,N/A
Keystone Powers,Sorcerer Supreme,35 SP,Required: Sorcerer Apprentice
Keystone Powers,Beloved by Magic,10 SP,Required: Sorcerer Apprentice
Keystone Powers,Infused with Mana,10 SP,Required: Sorcerer Apprentice
Keystone Powers,Core Matrix,10 SP,Required: Sorcerer Apprentice
Keystone Powers,Attunement,10 SP,Required: Sorcerer Apprentice
Keystone Powers,Artifact Extraordinaire,10 SP,Required: Sorcerer Apprentice
Keystone Powers,Path of the Psychic,,Required: g51j
Keystone Powers,Nascent Mind,25 SP,N/A
Keystone Powers,Almighty Mind,35 SP,Required: Nascent Mind
Keystone Powers,Precognition,10 SP,Required: Nascent Mind
Keystone Powers,Clairvoyance,10 SP,Required: Nascent Mind
Keystone Powers,Psychometry,10 SP,Required: Nascent Mind
Keystone Powers,Telepathy,10 SP,Required: Nascent Mind
Keystone Powers,Psychokinesis,10 SP,Required: Nascent Mind
Keystone Powers,Path of the Evolution,,Required: g51j
Keystone Powers,Heraclitus,25 SP,N/A
Keystone Powers,The One Who Crawls,35 SP,Required: Heraclitus
Keystone Powers,Darwinism,10 SP,Required: Heraclitus
Keystone Powers,Brethren Moon,10 SP,Required: Heraclitus
Keystone Powers,When Evolution Breaks,10 SP,Required: Heraclitus
Keystone Powers,Soul Container,10 SP,Required: Heraclitus
Keystone Powers,Inorganics,10 SP,Required: Heraclitus
Keystone Powers,Path of the Soul,,Required: g51j
Keystone Powers,Nascent Soul,25 SP,N/A
Keystone Powers,Apotheosis,35 SP,Required: Nascent Soul
Keystone Powers,Spiritual Body,10 SP,Required: Nascent Soul
Keystone Powers,One Hundred Demons,10 SP,Required: Nascent Soul
Keystone Powers,Spiritual Plane's Lordship,10 SP,Required: Nascent Soul
Keystone Powers,Anima Manipulation,10 SP,Required: Nascent Soul
Keystone Powers,Transcendent Soul,10 SP,Required: Nascent Soul
Keystone Powers,Path of the Craftsman,,Required: g51j
Keystone Powers,Blacksmith of Potential,25 SP,N/A
Keystone Powers,Divine Craftsman,35 SP,Required: Blacksmith of Potential
Keystone Powers,Time,10 SP,Required: Blacksmith of Potential
Keystone Powers,Resources,10 SP,Required: Blacksmith of Potential
Keystone Powers,Method,10 SP,Required: Blacksmith of Potential
Keystone Powers,Myth,10 SP,Required: Blacksmith of Potential
Keystone Powers,Armory,10 SP,Required: Blacksmith of Potential
Keystone Powers,Path of the Godhead,,Required: g51j
Keystone Powers,Aspirant to the Godhead,35 SP,N/A
Keystone Powers,Heir to the Godhead,35 SP,Required: Aspirant to the Godhead
Keystone Powers,Wand of the Godhead,10 SP,Required: Aspirant to the Godhead
Keystone Powers,Sword of the Godhead,10 SP,Required: Aspirant to the Godhead
Keystone Powers,Cup of the Godhead,10 SP,Required: Aspirant to the Godhead
Keystone Powers,Ring of the Godhead,10 SP,Required: Aspirant to the Godhead
Keystone Powers,Path of the Hacker,,Required: g51j
Keystone Powers,The Awakening,25 SP,N/A
Keystone Powers,The System Admin,35 SP,Required: The Awakening
Keystone Powers,The Man,10 SP,Required: The Awakening
Keystone Powers,The Machine,10 SP,Required: The Awakening
Keystone Powers,The Source Code,10 SP,Required: The Awakening
Keystone Powers,The Beyond,10 SP,Required: The Awakening
Keystone Powers,The Firewall,10 SP,Required: The Awakening
Keystone Powers,Path of the Divine,,Required: g51j
Keystone Powers,Shrine God,25 SP,N/A
Keystone Powers,Greater God,35 SP,Required: Shrine God
Keystone Powers,Multiple Shrines,10 SP,Required: Shrine God
Keystone Powers,Holy Symbols,10 SP,Required: Shrine God
Keystone Powers,Blessings,10 SP,Required: Shrine God
Keystone Powers,Angels,10 SP,Required: Shrine God
Keystone Powers,Chosen,10 SP,Required: Shrine God
Keystone Powers,Path of the Super,,Required: g51j
Keystone Powers,Don The Mantle,25 SP,N/A
Keystone Powers,Champion,35 SP,Required: Don The Mantle
Keystone Powers,Popularity,10 SP,Required: Don The Mantle
Keystone Powers,Archetypes,10 SP,Required: Don The Mantle
Keystone Powers,Good & Evil,10 SP,Required: Don The Mantle
Keystone Powers,Comic Logic,10 SP,Required: Don The Mantle
Keystone Powers,Plot Armor,10 SP,Required: Don The Mantle
Keystone Powers,Path of the Outsider,,Required: g51j
Keystone Powers,Pool,25 SP,N/A
Keystone Powers,Prime,35 SP,Required: Pool
Keystone Powers,Duck Amuk,10 SP,Required: Pool
Keystone Powers,Coyote Gospel,10 SP,Required: Pool
Keystone Powers,Help! I'm Stuck Inside a CYOA!,10 SP,Required: Pool
Keystone Powers,Path of the Celestial,,Required: g51j
Keystone Powers,Celestial Forge,60 SP,N/A
Keystone Powers,Celestial Grimoire,60 SP,N/A
Keystone Powers,Celestial Menagerie,60 SP,N/A
Keystone Powers,Celestial Dojo,60 SP,N/A
Keystone Powers,Increased CP (Celestial Collections),10 SP,Required: Celestial Forge; Required: Celestial Grimoire; Required: Celestial Menagerie; Required: Celestial Dojo
Keystone Powers,Increased Frequency (Celestial Collections),10 SP,Required: Celestial Forge; Required: Celestial Grimoire; Required: Celestial Menagerie; Required: Celestial Dojo
Keystone Powers,Blood and Sweat,10 SP,Required: Celestial Forge; Required: Celestial Grimoire; Required: Celestial Menagerie; Required: Celestial Dojo
Keystone Powers,Companionship,10 SP,Required: Celestial Forge; Required: Celestial Grimoire; Required: Celestial Menagerie; Required: Celestial Dojo
Keystone Powers,True Companions,10 SP,Required: Companionship
Keystone Powers,Celestial Chaos,60 SP,Required: Celestial Forge; Required: Celestial Grimoire; Required: Celestial Menagerie; Required: Celestial Dojo
Keystone Powers,Primordial Chaos Gacha,-100 SP,Required: Celestial Chaos; Required: Celestial Forge; Required: Celestial Grimoire; Required: Celestial Menagerie; Required: Celestial Dojo
Keystone Powers,Path of the Architect,,Required: g51j
Keystone Powers,Builder,25 SP,N/A
Keystone Powers,Engineer,25 SP,N/A
Keystone Powers,Principal Engineer,25 SP,Required: Builder; Required: Engineer
Keystone Powers,Increased Frequency (Builder),5 SP,Required: Builder
Keystone Powers,Increased Charges (Builder),5 SP,Required: Builder
Keystone Powers,Increased Frequency (Engineer),5 SP,Required: Engineer
Keystone Powers,Increased Charges (Engineer),5 SP,Required: Engineer
Keystone Powers,Virtual Machine,5 SP,Required: Engineer; Required: Builder
Paragon Powers,Unlimited Ability Works,120 SP,N/A
Paragon Powers,Shifter,120 SP,N/A
Paragon Powers,Architect,120 SP,N/A
Paragon Powers,Polybius,120 SP,N/A
Paragon Powers,Amun,120 SP,N/A
Paragon Powers,Mobius,120 SP,N/A
Paragon Powers,Dynamist,120 SP,N/A
Paragon Powers,Conquest,120 SP,N/A
Paragon Powers,Celestial Inventory,120 SP,N/A
Paragon Powers,Summoner's Sanctuary,120 SP,N/A
Miscellaneous Objects of Power,An Ordinary Rock,5 SP,N/A
Miscellaneous Objects of Power,Black Card,7 SP,N/A
Miscellaneous Objects of Power,Dalilah's Razor,5 SP,N/A
Miscellaneous Objects of Power,Dimensional Cage,35 SP,N/A
Miscellaneous Objects of Power,Displacement Containers,10 SP,N/A
Miscellaneous Objects of Power,Dragon Egg,10 SP,N/A
Miscellaneous Objects of Power,Gameforge Console,10 SP,N/A
Miscellaneous Objects of Power,Get Out Of Jail Free Card,5 SP,N/A
Miscellaneous Objects of Power,Heart of a Tattletale,7 SP,N/A
Miscellaneous Objects of Power,Homunculus,5 SP,N/A
Miscellaneous Objects of Power,Mystery Box,5 SP,N/A
Miscellaneous Objects of Power,Nyxora Sentis “Mindbloom”,3 SP,N/A
Miscellaneous Objects of Power,Object(s) of Power,5 SP,N/A
Miscellaneous Objects of Power,One Human Soul,1 SP,N/A
Miscellaneous Objects of Power,Sir Lull's Little Music Box,5 SP,N/A
Miscellaneous Objects of Power,The Blessed Cow Herd,5 SP,N/A
Miscellaneous Objects of Power,Thirty Pieces of Silver,25 SP,N/A
Miscellaneous Objects of Power,Treasury,10 SP,N/A
Miscellaneous Objects of Power,Upgrade Token,1 SP,N/A
Miscellaneous Objects of Power,Teigu (Akame ga Kill),15 SP,N/A
Miscellaneous Objects of Power,Behelit (Berserk),10 SP,N/A
Miscellaneous Objects of Power,Urahara's Stash (Bleach),10 SP,N/A
Miscellaneous Objects of Power,Three-Thirds Umbilical Cords (Bloodborne),30 SP,Required: Hunter (Bloodborne)
Miscellaneous Objects of Power,Golden Chest of Epic Loot (Borderlands),10 SP,N/A
Miscellaneous Objects of Power,Uni-Mind (Buzz Lightyear of Star Command),10 SP,N/A
Miscellaneous Objects of Power,Haunted Collection (Creepypasta Mythos),10 SP,N/A
Miscellaneous Objects of Power,H-Dial (DC Comics),30 SP,N/A
Miscellaneous Objects of Power,Sigils of the Endless (DC Comics),50 SP,N/A
Miscellaneous Objects of Power,Psychic Paper (Doctor Who),5 SP| 0 SP,N/A
Miscellaneous Objects of Power,Rainbow Chest (Enter the Gungeon),15 SP,N/A
Miscellaneous Objects of Power,The Primordial Assimilation Stele (Fortune belongs to those that steal it),10 SP,N/A
Miscellaneous Objects of Power,Oratrice Mecanique d'Analyse Cardinale (Genshin Impact),15 SP,N/A
Miscellaneous Objects of Power,Zonko’s box of Magic Prank Items (Harry Potter),5 SP,N/A
Miscellaneous Objects of Power,Delicate Flower (Hollow Knight),1 SP,N/A
Miscellaneous Objects of Power,Sylladex (Homestuck),15 SP,N/A
Miscellaneous Objects of Power,Stigmata (Honkai Impact 3rd),8 SP,N/A
Miscellaneous Objects of Power,Magic Key (Indian in the Cupboard),25 SP,N/A
Miscellaneous Objects of Power,Embryo (Infinite Dendrogram),15 SP,N/A
Miscellaneous Objects of Power,Continental Hotel Membership (John Wick),10 SP,N/A
Miscellaneous Objects of Power,Saint Corpse Parts (JoJo's Bizarre Adventure),15 SP,N/A
Miscellaneous Objects of Power,Stand Arrow (JoJo's Bizarre Adventure),5 SP,N/A
Miscellaneous Objects of Power,Jumanji & Zathura (Jumanji),10 SP,N/A
Miscellaneous Objects of Power,Dresden Slate (K Project),20 SP,N/A
Miscellaneous Objects of Power,The Key of Kings (Kill Six Billion Demons),20 SP,N/A
Miscellaneous Objects of Power,Seeds of the Resurrection Plant (Kingdom),5 SP,N/A
Miscellaneous Objects of Power,Hexcore (League of Legends),12 SP,N/A
Miscellaneous Objects of Power,Evolution Cube (Legendary Mechanic),15 SP,N/A
Miscellaneous Objects of Power,Limited Edition Symbol Fumo (Magical Girl ☆Sym-tan☆),1 SP,N/A
Miscellaneous Objects of Power,The Chair (Magical Girl ☆Sym-tan☆),55 SP,N/A
Miscellaneous Objects of Power,The Martial God Space (Martial God Space),25 SP,N/A
Miscellaneous Objects of Power,Black Vortex (Marvel),40 SP,N/A
Miscellaneous Objects of Power,Cosmic Cube (Marvel),60 SP,N/A
Miscellaneous Objects of Power,Gravity Stone (Marvel),30 SP,N/A
Miscellaneous Objects of Power,Totems of the Octessence (Marvel),40 SP,N/A
Miscellaneous Objects of Power,Netherite (Minecraft),1 SP,N/A
Miscellaneous Objects of Power,Ninja Kit (Naruto),5 SP,N/A
Miscellaneous Objects of Power,Polaroid Camera (Polaroid),10 SP,N/A
Miscellaneous Objects of Power,Der Freischütz E.G.O.: Magic Bullet (Project Moon),15 SP,N/A
Miscellaneous Objects of Power,Völundr (Record of Ragnarok),15 SP,N/A
Miscellaneous Objects of Power,Shaped Glass (Risk of Rain 2),1 SP,N/A
Miscellaneous Objects of Power,110%: SCP-248 (SCP Foundation),5 SP,N/A
Miscellaneous Objects of Power,Skeleton Key: SCP-005 (SCP Foundation),5 SP,N/A
Miscellaneous Objects of Power,The Resurrection Cube: SCP 076-1 (SCP Foundation),10 SP,N/A
Miscellaneous Objects of Power,The Song of Genesis: SCP-407 (SCP Foundation),15 SP,N/A
Miscellaneous Objects of Power,Symphogear (Senki Zesshou Symphogear),15 SP,N/A
Miscellaneous Objects of Power,Terraria Equipment (Terraria),7 SP,N/A
Miscellaneous Objects of Power,Daedric Equipment (The Elder Scrolls),5 SP,N/A
Miscellaneous Objects of Power,The AllSpark (Transformers),25 SP,N/A
Miscellaneous Objects of Power,Warrant of Trade (Warhammer: 40k),13 SP,N/A
Miscellaneous Objects of Power,Conversion Token Generator,15 SP,N/A
Miscellaneous Objects of Power,Comfy Bed,4 SP,N/A
